,Rank within filtered selection,Nationwide rank,Zip code,City,Metro area,County,State,Total population,Population per sq. mi.,Per capita income,Median household income,Median home value,Poverty rate,Median age,Sq. mi.,Homeownership rate,"County, state"
0,1.0,1.0,10024,New York,"New York-Newark-Jersey City, NY-NJ",New York County,NY,63115,71302.70156212583,147036.0,181560.0,1687800.0,0.0823878287777204,44.3,0.8851698269105286,0.303797124296703,"New York County, NY"
1,2.0,2.0,10023,New York,"New York-Newark-Jersey City, NY-NJ",New York County,NY,69455,71656.15271089016,137528.0,159874.0,1358100.0,0.0843769521373114,43.2,0.9692817346785124,0.3063166880068289,"New York County, NY"
2,3.0,3.0,10011,New York,"New York-Newark-Jersey City, NY-NJ",New York County,NY,48277,74562.12005724678,141874.0,145987.0,1181200.0,0.0934555367146751,42.0,0.6474735423688894,0.2864112498206342,"New York County, NY"
7,4.0,4.0,11217,Brooklyn,"New York-Newark-Jersey City, NY-NJ",Kings County,NY,43490,59013.505629244726,111192.0,162863.0,1636500.0,0.0959577143389372,36.3,0.7369499496137051,0.2564265890167888,"Kings County, NY"
11,5.0,5.0,11215,Brooklyn,"New York-Newark-Jersey City, NY-NJ",Kings County,NY,70441,32185.501151375593,106877.0,185865.0,1622300.0,0.0555786277907459,37.6,2.1885941644562332,0.3898462395198465,"Kings County, NY"
13,6.0,6.0,94114,San Francisco,"San Francisco-Oakland-Fremont, CA",San Francisco County,CA,33020,23847.15934519592,146284.0,204134.0,1737300.0,0.0581681289656638,41.9,1.3846512920899308,0.405838793884183,"San Francisco County, CA"
14,7.0,7.0,60611,Chicago,"Chicago-Naperville-Elgin, IL-IN",Cook County,IL,37705,47551.851421726526,129700.0,125675.0,650800.0,0.0731636015732964,36.6,0.7929239109031309,0.347320738815928,"Cook County, IL"
20,8.0,8.0,94116,San Francisco,"San Francisco-Oakland-Fremont, CA",San Francisco County,CA,43791,17335.523528039746,76447.0,158921.0,1502700.0,0.0719904593720615,45.6,2.5260846566975164,0.683851081832467,"San Francisco County, CA"
27,9.0,9.0,94127,San Francisco,"San Francisco-Oakland-Fremont, CA",San Francisco County,CA,20288,10878.577748627851,113454.0,214167.0,1847400.0,0.0432900432900432,46.7,1.8649496716203535,0.7986445979408315,"San Francisco County, CA"
28,10.0,10.0,07030,Hoboken,"New York-Newark-Jersey City, NY-NJ",Hudson County,NJ,58668,46960.06676725227,109360.0,180579.0,895100.0,0.0777861670558901,31.9,1.2493167927289297,0.313328265970455,"Hudson County, NJ"
31,11.0,11.0,33131,Miami,"Miami-Fort Lauderdale-West Palm Beach, FL",Miami-Dade County,FL,23095,46084.30816701529,120707.0,144138.0,655100.0,0.0743450963411993,35.9,0.5011467225742184,0.2593834850662833,"Miami-Dade County, FL"
40,12.0,12.0,94117,San Francisco,"San Francisco-Oakland-Fremont, CA",San Francisco County,CA,36198,28400.72171385001,122043.0,167066.0,1601100.0,0.0953771016363993,35.2,1.2745450754636118,0.2555931518610171,"San Francisco County, CA"
43,13.0,13.0,60654,Chicago,"Chicago-Naperville-Elgin, IL-IN",Cook County,IL,25755,47536.383489697095,128530.0,147357.0,500400.0,0.0725308042134722,32.2,0.5417955281680624,0.3133207241286139,"Cook County, IL"
44,14.0,14.0,20009,Washington,"Washington-Arlington-Alexandria, DC-VA-MD-WV",District of Columbia,DC,50150,38048.25705891141,111612.0,146664.0,722500.0,0.0865567596802948,34.4,1.318063004104263,0.3220307231172724,"District of Columbia, DC"
45,15.0,15.0,94123,San Francisco,"San Francisco-Oakland-Fremont, CA",San Francisco County,CA,24054,22425.503842595757,170097.0,218603.0,2000001.0,0.0491099345478801,32.9,1.072618040996297,0.2535527794302333,"San Francisco County, CA"
47,16.0,16.0,90254,Hermosa Beach,"Los Angeles-Long Beach-Anaheim, CA",Los Angeles County,CA,19063,13336.100883122355,111872.0,166442.0,2000001.0,0.0561194971861358,42.7,1.4294282989509612,0.4353394318728936,"Los Angeles County, CA"
51,17.0,17.0,19103,Philadelphia,"Philadelphia-Camden-Wilmington, PA-NJ-DE-MD",Philadelphia County,PA,25900,40124.52402001658,110978.0,99644.0,582500.0,0.085972140474789,35.0,0.6454905231294329,0.2594784449576597,"Philadelphia County, PA"
54,18.0,18.0,94131,San Francisco,"San Francisco-Oakland-Fremont, CA",San Francisco County,CA,28504,14096.596667802794,119085.0,199211.0,1713300.0,0.0598391000996725,39.9,2.022048347677018,0.4857758620689655,"San Francisco County, CA"
55,19.0,19.0,94118,San Francisco,"San Francisco-Oakland-Fremont, CA",San Francisco County,CA,39130,19513.68032943604,108384.0,163995.0,1784700.0,0.0590861131401671,38.8,2.005259865868208,0.3125194643413267,"San Francisco County, CA"
56,20.0,20.0,94121,San Francisco,"San Francisco-Oakland-Fremont, CA",San Francisco County,CA,41995,16568.84495257617,88205.0,133358.0,1611400.0,0.0855001676004405,44.5,2.534576195274885,0.403701269151034,"San Francisco County, CA"
57,21.0,21.0,94122,San Francisco,"San Francisco-Oakland-Fremont, CA",San Francisco County,CA,55819,17137.05155731676,78542.0,146250.0,1517700.0,0.0851544289044289,43.1,3.257211417804702,0.445513879709187,"San Francisco County, CA"
59,22.0,22.0,07302,Jersey City,"New York-Newark-Jersey City, NY-NJ",Hudson County,NJ,56220,39234.72295198847,114324.0,175077.0,865100.0,0.0684128714109596,34.2,1.4329144127969606,0.2229849495633117,"Hudson County, NJ"
64,23.0,23.0,02446,Brookline,"Boston-Cambridge-Newton, MA-NH",Norfolk County,MA,31310,24407.988041099463,90791.0,131963.0,1181500.0,0.0961725591955887,34.8,1.2827767674778667,0.3584268933740022,"Norfolk County, MA"
76,24.0,24.0,94707,Berkeley,"San Francisco-Oakland-Fremont, CA",Alameda County,CA,12811,7270.416190632704,109933.0,212776.0,1649300.0,0.0309052499804397,52.9,1.762072440434133,0.8515711645101663,"Alameda County, CA"
88,25.0,25.0,94158,San Francisco,"San Francisco-Oakland-Fremont, CA",San Francisco County,CA,11314,20582.836923470273,121944.0,196506.0,1429600.0,0.0674536256323777,32.7,0.5496812729006676,0.3277376537185243,"San Francisco County, CA"
89,26.0,26.0,90266,Manhattan Beach,"Los Angeles-Long Beach-Anaheim, CA",Los Angeles County,CA,34210,8450.422418318407,118152.0,204306.0,2000001.0,0.0454359154517243,42.8,4.048318333275418,0.5668477193900923,"Los Angeles County, CA"
91,27.0,27.0,95129,San Jose,"San Jose-Sunnyvale-Santa Clara, CA",Santa Clara County,CA,41321,9055.430182737457,86257.0,195708.0,2000001.0,0.0431913909380858,40.9,4.563118390418496,0.5476237820640286,"Santa Clara County, CA"
93,28.0,28.0,95130,San Jose,"San Jose-Sunnyvale-Santa Clara, CA",Santa Clara County,CA,13511,9389.153117334648,82390.0,159556.0,1839600.0,0.0573606690844497,38.4,1.4390009227834857,0.593408736349454,"Santa Clara County, CA"
102,29.0,29.0,94087,Sunnyvale,"San Jose-Sunnyvale-Santa Clara, CA",Santa Clara County,CA,57767,8764.55721093255,106389.0,207742.0,2000001.0,0.0395070804670132,37.9,6.590977571341974,0.5317574131470602,"Santa Clara County, CA"
107,30.0,30.0,94610,Oakland,"San Francisco-Oakland-Fremont, CA",Alameda County,CA,32628,15601.370035897136,93337.0,134507.0,1379700.0,0.078814239003023,40.6,2.091354792875648,0.3416387684539816,"Alameda County, CA"
108,31.0,31.0,94301,Palo Alto,"San Jose-Sunnyvale-Santa Clara, CA",Santa Clara County,CA,17508,7386.635753233131,142773.0,242006.0,2000001.0,0.0579920050981982,46.7,2.370226525971143,0.4510618104164195,"Santa Clara County, CA"
110,32.0,32.0,90402,Santa Monica,"Los Angeles-Long Beach-Anaheim, CA",Los Angeles County,CA,11337,5551.325848181504,142508.0,159100.0,2000001.0,0.0624889673433362,52.7,2.042214834806312,0.6389655172413793,"Los Angeles County, CA"
112,33.0,33.0,95124,San Jose,"San Jose-Sunnyvale-Santa Clara, CA",Santa Clara County,CA,52096,7907.171167589534,83347.0,185926.0,1666300.0,0.040972864631514,39.7,6.588449762354295,0.685557083906465,"Santa Clara County, CA"
113,34.0,34.0,60657,Chicago,"Chicago-Naperville-Elgin, IL-IN",Cook County,IL,71904,33066.72554960835,95396.0,110939.0,537800.0,0.078147692995196,31.3,2.17451225680408,0.353515124700184,"Cook County, IL"
116,35.0,35.0,11222,Brooklyn,"New York-Newark-Jersey City, NY-NJ",Kings County,NY,42853,28140.701800780313,77779.0,125734.0,1376300.0,0.0951288056206089,35.1,1.52281205718941,0.1687188891799843,"Kings County, NY"
118,36.0,36.0,94018,El Granada,"San Francisco-Oakland-Fremont, CA",San Mateo County,CA,3834,6621.550639748422,94973.0,230053.0,1430200.0,0.0424802110817941,51.4,0.5790184518086943,0.8299492385786802,"San Mateo County, CA"
120,37.0,37.0,94706,Albany,"San Francisco-Oakland-Fremont, CA",Alameda County,CA,19969,13636.917666198213,76222.0,143398.0,1203500.0,0.0670594983574073,39.1,1.464333839126792,0.5013614300935243,"Alameda County, CA"
122,38.0,38.0,94618,Oakland,"San Francisco-Oakland-Fremont, CA",Alameda County,CA,16958,7000.1380900407885,121544.0,201780.0,1753100.0,0.0452547808528328,44.4,2.4225236390874096,0.6321410829607551,"Alameda County, CA"
124,39.0,39.0,94061,Redwood City,"San Francisco-Oakland-Fremont, CA",San Mateo County,CA,37048,9595.300918051003,75241.0,146265.0,1900500.0,0.0674523434529951,38.0,3.861056606396163,0.4998554704437057,"San Mateo County, CA"
126,40.0,40.0,07086,Weehawken,"New York-Newark-Jersey City, NY-NJ",Hudson County,NJ,17295,21777.04407683097,94947.0,127763.0,889000.0,0.0725937066173068,37.8,0.7941849196328943,0.2729269057827042,"Hudson County, NJ"
132,41.0,41.0,90278,Redondo Beach,"Los Angeles-Long Beach-Anaheim, CA",Los Angeles County,CA,42423,11556.3833243319,77400.0,160236.0,1242700.0,0.0465862695584452,39.3,3.6709581890277567,0.554406015037594,"Los Angeles County, CA"
133,42.0,42.0,77005,Houston,"Houston-Pasadena-The Woodlands, TX",Harris County,TX,28874,7542.590949783012,123333.0,229267.0,1395100.0,0.0415412872718746,35.9,3.828127521727883,0.6735533327101056,"Harris County, TX"
134,43.0,43.0,19106,Philadelphia,"Philadelphia-Camden-Wilmington, PA-NJ-DE-MD",Philadelphia County,PA,14597,17171.775066870574,110881.0,121047.0,517900.0,0.0610562281809403,40.5,0.8500577222305877,0.4006862745098039,"Philadelphia County, PA"
136,44.0,44.0,90094,Playa Vista,"Los Angeles-Long Beach-Anaheim, CA",Los Angeles County,CA,11764,16464.6593117282,104547.0,145744.0,1356000.0,0.0920520106776888,37.6,0.7145000559847722,0.2696790905166211,"Los Angeles County, CA"
138,45.0,45.0,60614,Chicago,"Chicago-Naperville-Elgin, IL-IN",Cook County,IL,70693,21939.904442738614,113935.0,136448.0,720400.0,0.0844245856190644,31.1,3.2221197765242335,0.4012025283930315,"Cook County, IL"
140,46.0,46.0,02129,Charlestown,"Boston-Cambridge-Newton, MA-NH",Suffolk County,MA,20032,14807.808026741724,100420.0,157247.0,912000.0,0.0882146790828076,35.6,1.352799817759914,0.4802612051053725,"Suffolk County, MA"
146,47.0,47.0,95125,San Jose,"San Jose-Sunnyvale-Santa Clara, CA",Santa Clara County,CA,54419,7470.359296804552,96446.0,160738.0,1694300.0,0.061788889507582,41.0,7.28465631141433,0.5773636363636364,"Santa Clara County, CA"
148,48.0,48.0,98112,Seattle,"Seattle-Tacoma-Bellevue, WA",King County,WA,23921,7465.86572922309,133171.0,171572.0,1549100.0,0.0467883304399373,40.4,3.2040490503824337,0.5711804047598367,"King County, WA"
150,49.0,49.0,90277,Redondo Beach,"Los Angeles-Long Beach-Anaheim, CA",Los Angeles County,CA,34844,9761.274827157544,86194.0,127795.0,1476000.0,0.064205642488689,45.9,3.56961571280198,0.4326056921801602,"Los Angeles County, CA"
152,50.0,50.0,90066,Los Angeles,"Los Angeles-Long Beach-Anaheim, CA",Los Angeles County,CA,56740,11800.160192944571,79538.0,114141.0,1695400.0,0.0725624808548209,38.2,4.808409298877602,0.3579219818820484,"Los Angeles County, CA"
153,51.0,51.0,60622,Chicago,"Chicago-Naperville-Elgin, IL-IN",Cook County,IL,54609,21844.740316715823,93611.0,136277.0,638100.0,0.0811334329514638,32.7,2.4998694975656277,0.4043804933371137,"Cook County, IL"
157,52.0,52.0,75225,Dallas,"Dallas-Fort Worth-Arlington, TX",Dallas County,TX,22237,4762.204638604467,142203.0,200234.0,1671900.0,0.0414211909725369,47.6,4.6694759439225635,0.6888638459174264,"Dallas County, TX"
158,53.0,53.0,98102,Seattle,"Seattle-Tacoma-Bellevue, WA",King County,WA,27333,21236.35508879755,105939.0,114925.0,963200.0,0.0914645300552445,33.8,1.287085278321538,0.2557334487234963,"King County, WA"
159,54.0,54.0,02468,Waban,"Boston-Cambridge-Newton, MA-NH",Middlesex County,MA,5773,3758.419743149725,135724.0,250001.0,1846600.0,0.0099407045692361,47.7,1.5360178996830105,0.955239064089522,"Middlesex County, MA"
160,55.0,55.0,98117,Seattle,"Seattle-Tacoma-Bellevue, WA",King County,WA,35711,8980.71126187206,95671.0,182984.0,1043500.0,0.0458176295212915,40.2,3.9764111058343854,0.6918918918918919,"King County, WA"
163,56.0,56.0,94040,Mountain View,"San Jose-Sunnyvale-Santa Clara, CA",Santa Clara County,CA,35632,9735.549320237054,119297.0,187781.0,2000001.0,0.0596761408673989,35.6,3.6599886486048208,0.3350479713327939,"Santa Clara County, CA"
164,57.0,57.0,94306,Palo Alto,"San Jose-Sunnyvale-Santa Clara, CA",Santa Clara County,CA,27183,6653.591235601497,114197.0,210000.0,2000001.0,0.0886859163229228,42.3,4.0854628782350515,0.4763283378746594,"Santa Clara County, CA"
166,58.0,58.0,94404,San Mateo,"San Francisco-Oakland-Fremont, CA",San Mateo County,CA,35881,8248.601291139632,99796.0,192332.0,1714400.0,0.0425364537970949,39.8,4.349949613705072,0.4906188925081433,"San Mateo County, CA"
167,59.0,59.0,94030,Millbrae,"San Francisco-Oakland-Fremont, CA",San Mateo County,CA,22689,6724.023014941553,78551.0,163476.0,1934900.0,0.0596695907734782,43.7,3.37431920586566,0.567145318782309,"San Mateo County, CA"
168,60.0,60.0,90212,Beverly Hills,"Los Angeles-Long Beach-Anaheim, CA",Los Angeles County,CA,10728,11332.473864526231,111467.0,118019.0,2000001.0,0.075876211782252,44.2,0.946660025714385,0.1901270772238514,"Los Angeles County, CA"
171,61.0,61.0,20003,Washington,"Washington-Arlington-Alexandria, DC-VA-MD-WV",District of Columbia,DC,37482,16492.839055600765,109593.0,159846.0,957700.0,0.0679294578706727,34.7,2.2726226742188196,0.3280342949004197,"District of Columbia, DC"
174,62.0,62.0,90405,Santa Monica,"Los Angeles-Long Beach-Anaheim, CA",Los Angeles County,CA,27298,9816.490763259191,100986.0,121241.0,1929900.0,0.0784422500832131,43.1,2.780830814018587,0.282907167149515,"Los Angeles County, CA"
178,63.0,63.0,95118,San Jose,"San Jose-Sunnyvale-Santa Clara, CA",Santa Clara County,CA,32015,7873.991290785804,75191.0,152682.0,1494600.0,0.0658418167580266,39.5,4.065917629025595,0.5858796103571726,"Santa Clara County, CA"
179,64.0,64.0,02476,Arlington,"Boston-Cambridge-Newton, MA-NH",Middlesex County,MA,17708,8495.443345086369,97683.0,151131.0,934800.0,0.0668499742223749,46.8,2.0844115228244124,0.600468153258593,"Middlesex County, MA"
181,65.0,65.0,20016,Washington,"Washington-Arlington-Alexandria, DC-VA-MD-WV",District of Columbia,DC,32730,7386.108974470681,117401.0,178920.0,1216000.0,0.0873287091862629,42.7,4.43129124050672,0.5960594315245478,"District of Columbia, DC"
183,66.0,66.0,28207,Charlotte,"Charlotte-Concord-Gastonia, NC-SC",Mecklenburg County,NC,9527,3921.2070835511136,189319.0,217204.0,1409300.0,0.0276024392853321,46.9,2.429608994629323,0.7654075546719682,"Mecklenburg County, NC"
185,67.0,67.0,60043,Kenilworth,"Chicago-Naperville-Elgin, IL-IN",Cook County,IL,2503,4120.549383704789,150130.0,250001.0,1560300.0,0.0207750699161006,40.9,0.6074432719817451,0.9229813664596274,"Cook County, IL"
187,68.0,68.0,97212,Portland,"Portland-Vancouver-Hillsboro, OR-WA",Multnomah County,OR,28042,10274.94201816593,76323.0,131932.0,876800.0,0.0931120628122769,41.8,2.729163819165325,0.5976659959758551,"Multnomah County, OR"
188,69.0,69.0,95051,Santa Clara,"San Jose-Sunnyvale-Santa Clara, CA",Santa Clara County,CA,62054,9414.835750699922,97420.0,196690.0,1680600.0,0.0690912611333419,35.0,6.59108683817312,0.4144221399337361,"Santa Clara County, CA"
198,70.0,70.0,94070,San Carlos,"San Francisco-Oakland-Fremont, CA",San Mateo County,CA,30447,4974.010829896585,128170.0,240074.0,2000001.0,0.0329858820424858,41.6,6.121217070336179,0.650314993700126,"San Mateo County, CA"
200,71.0,71.0,22301,Alexandria,"Washington-Arlington-Alexandria, DC-VA-MD-WV",Alexandria city,VA,13665,9845.265513460105,108373.0,194819.0,1027900.0,0.0385656787413099,37.2,1.3879767875551643,0.5338095238095238,"Alexandria city, VA"
204,72.0,72.0,94403,San Mateo,"San Francisco-Oakland-Fremont, CA",San Mateo County,CA,43276,7683.016419539813,88226.0,174917.0,1746300.0,0.0655485674353598,38.9,5.63268352387461,0.4844092364739592,"San Mateo County, CA"
206,73.0,73.0,94086,Sunnyvale,"San Jose-Sunnyvale-Santa Clara, CA",Santa Clara County,CA,49746,11392.152295324962,99115.0,177054.0,1810200.0,0.0687266484903564,33.5,4.366690218881154,0.2894101571396037,"Santa Clara County, CA"
210,74.0,74.0,60605,Chicago,"Chicago-Naperville-Elgin, IL-IN",Cook County,IL,36210,25314.16476259756,86529.0,123922.0,453200.0,0.0978632873924706,31.5,1.4304244417932117,0.393212155637603,"Cook County, IL"
211,75.0,75.0,22205,Arlington,"Washington-Arlington-Alexandria, DC-VA-MD-WV",Arlington County,VA,17738,6502.072160292549,102189.0,201094.0,1092800.0,0.0350350916911931,42.8,2.7280533901675295,0.7538900785153462,"Arlington County, VA"
212,76.0,76.0,07020,Edgewater,"New York-Newark-Jersey City, NY-NJ",Bergen County,NJ,14759,15198.846939428724,84598.0,124050.0,715700.0,0.0771784794687627,40.6,0.9710605060251198,0.3644563008130081,"Bergen County, NJ"
213,77.0,77.0,20815,Chevy Chase,"Washington-Arlington-Alexandria, DC-VA-MD-WV",Montgomery County,MD,30505,5665.4149665493205,133313.0,194971.0,1294200.0,0.0460935699469923,46.2,5.384424650288225,0.611368331077712,"Montgomery County, MD"
214,78.0,78.0,92625,Corona Del Mar,"Los Angeles-Long Beach-Anaheim, CA",Orange County,CA,12294,4805.648370804195,123678.0,174904.0,2000001.0,0.0572195995441966,51.9,2.5582396071027302,0.5010210035005834,"Orange County, CA"
219,79.0,79.0,20007,Washington,"Washington-Arlington-Alexandria, DC-VA-MD-WV",District of Columbia,DC,24602,7962.321790397745,116489.0,140996.0,1292400.0,0.0746108196439322,38.3,3.08980227722887,0.4929310596123014,"District of Columbia, DC"
220,80.0,80.0,90064,Los Angeles,"Los Angeles-Long Beach-Anaheim, CA",Los Angeles County,CA,26642,7153.258535781317,102148.0,135383.0,1765300.0,0.077524061143612,39.3,3.7244564650828766,0.4543770264011116,"Los Angeles County, CA"
222,81.0,81.0,02474,Arlington,"Boston-Cambridge-Newton, MA-NH",Middlesex County,MA,28642,9367.208570972907,88030.0,150560.0,933200.0,0.0458218195809577,38.9,3.057687867520724,0.5899912898883523,"Middlesex County, MA"
225,82.0,82.0,95008,Campbell,"San Jose-Sunnyvale-Santa Clara, CA",Santa Clara County,CA,48333,7478.031565179497,82829.0,141131.0,1633600.0,0.0637917783178579,39.7,6.463331904756389,0.4645015476833882,"Santa Clara County, CA"
229,83.0,83.0,94065,Redwood City,"San Francisco-Oakland-Fremont, CA",San Mateo County,CA,11673,5089.3355034263395,113105.0,215955.0,1811800.0,0.0358947999657328,43.0,2.2936196664851987,0.6209810387469085,"San Mateo County, CA"
230,84.0,84.0,22207,Arlington,"Washington-Arlington-Alexandria, DC-VA-MD-WV",Arlington County,VA,35479,5497.957804233398,112771.0,245745.0,1257900.0,0.0305525959627955,42.2,6.453123371132707,0.7522785697592895,"Arlington County, VA"
233,85.0,85.0,02460,Newtonville,"Boston-Cambridge-Newton, MA-NH",Middlesex County,MA,10099,7492.510445449061,92495.0,177837.0,1224600.0,0.0265372809189028,42.7,1.3478793354414496,0.5178528636472561,"Middlesex County, MA"
234,86.0,86.0,06878,Riverside,"Bridgeport-Stamford-Danbury, CT",Fairfield County,CT,8328,3444.4529875780872,147326.0,250001.0,1968800.0,0.0356628242074927,41.8,2.417800454828011,0.7961966271977037,"Fairfield County, CT"
242,87.0,87.0,98040,Mercer Island,"Seattle-Tacoma-Bellevue, WA",King County,WA,25307,3964.978723852158,128615.0,219069.0,2000001.0,0.0381244522348816,46.4,6.382631979274051,0.6358752003016307,"King County, WA"
243,88.0,88.0,92663,Newport Beach,"Los Angeles-Long Beach-Anaheim, CA",Orange County,CA,21368,6493.055156392989,95020.0,141541.0,2000001.0,0.0857844294414805,42.7,3.290900737068483,0.39964518990404,"Orange County, CA"
247,89.0,89.0,20816,Bethesda,"Washington-Arlington-Alexandria, DC-VA-MD-WV",Montgomery County,MD,18140,5089.272554212099,114267.0,232656.0,1217200.0,0.0448650736714309,43.4,3.5643600940544173,0.7897328756901955,"Montgomery County, MD"
249,90.0,90.0,78701,Austin,"Austin-Round Rock-San Marcos, TX",Travis County,TX,11824,7792.549544989927,151121.0,162168.0,722400.0,0.097151142954623,42.0,1.5173467851227225,0.410932329111035,"Travis County, TX"
250,91.0,91.0,91604,Studio City,"Los Angeles-Long Beach-Anaheim, CA",Los Angeles County,CA,32469,6849.235437459576,107074.0,141875.0,1700300.0,0.0864681539562525,40.7,4.740529114012023,0.4291648583297167,"Los Angeles County, CA"
251,92.0,92.0,94041,Mountain View,"San Jose-Sunnyvale-Santa Clara, CA",Santa Clara County,CA,16050,10087.838513392504,106350.0,178558.0,2000001.0,0.0844867539299805,34.1,1.591024675770949,0.2548790007806401,"Santa Clara County, CA"
252,93.0,93.0,98103,Seattle,"Seattle-Tacoma-Bellevue, WA",King County,WA,52671,11475.54768492628,96570.0,131154.0,1044100.0,0.0681822534617815,34.5,4.58984629284283,0.4171003457790507,"King County, WA"
254,94.0,94.0,10538,Larchmont,"New York-Newark-Jersey City, NY-NJ",Westchester County,NY,17760,5054.086573695715,147287.0,207969.0,1266600.0,0.030116048683838,41.1,3.5139880848960807,0.7465346534653465,"Westchester County, NY"
258,95.0,95.0,02445,Brookline,"Boston-Cambridge-Newton, MA-NH",Norfolk County,MA,22560,8639.772169754824,98638.0,139747.0,1227000.0,0.090868196131354,33.7,2.6111799659458144,0.5065411298315163,"Norfolk County, MA"
260,96.0,96.0,22314,Alexandria,"Washington-Arlington-Alexandria, DC-VA-MD-WV",Alexandria city,VA,36612,9891.08599810199,106523.0,148451.0,899000.0,0.0535251639931646,39.5,3.701514677662848,0.4310064558079048,"Alexandria city, VA"
261,97.0,97.0,94402,San Mateo,"San Francisco-Oakland-Fremont, CA",San Mateo County,CA,25475,5044.118475633343,109498.0,172522.0,2000001.0,0.0516718522311055,40.8,5.050436488171769,0.5492382014121144,"San Mateo County, CA"
263,98.0,98.0,98115,Seattle,"Seattle-Tacoma-Bellevue, WA",King County,WA,54349,8294.183487038586,91860.0,156142.0,1094600.0,0.0594556667528343,37.5,6.552664296001143,0.5583457584556227,"King County, WA"
265,99.0,99.0,60613,Chicago,"Chicago-Naperville-Elgin, IL-IN",Cook County,IL,52244,22440.64553941558,77256.0,95572.0,390800.0,0.091170565979461,34.7,2.3280970196796127,0.3547891036906854,"Cook County, IL"
266,100.0,100.0,98107,Seattle,"Seattle-Tacoma-Bellevue, WA",King County,WA,28776,13190.96146279845,100561.0,142662.0,953400.0,0.0606355608094012,34.2,2.181493750941123,0.3580706104616838,"King County, WA"
267,101.0,101.0,98116,Seattle,"Seattle-Tacoma-Bellevue, WA",King County,WA,28711,9565.63298227325,87809.0,126151.0,973400.0,0.046016146016146,40.6,3.0014741369657796,0.4633450540701917,"King County, WA"
270,102.0,102.0,11561,Long Beach,"New York-Newark-Jersey City, NY-NJ",Nassau County,NY,38708,9648.194997733592,75403.0,141629.0,715300.0,0.0780933062880324,44.5,4.011942131050699,0.6013520706909401,"Nassau County, NY"
271,103.0,103.0,94611,Oakland,"San Francisco-Oakland-Fremont, CA",Alameda County,CA,40116,5495.4340227641,118163.0,180549.0,1537700.0,0.0618393632780135,43.5,7.2998783779087955,0.5648889790124708,"Alameda County, CA"
276,104.0,104.0,22213,Arlington,"Washington-Arlington-Alexandria, DC-VA-MD-WV",Arlington County,VA,4021,6796.276980424326,103425.0,199306.0,1064500.0,0.0206416314349664,40.6,0.5916474580982938,0.6238227146814405,"Arlington County, VA"
277,105.0,105.0,11570,Rockville Centre,"New York-Newark-Jersey City, NY-NJ",Nassau County,NY,28908,8056.114214514286,76979.0,157163.0,809200.0,0.0477508408071748,42.5,3.588330456874351,0.7294508255563532,"Nassau County, NY"
278,106.0,106.0,91030,South Pasadena,"Los Angeles-Long Beach-Anaheim, CA",Los Angeles County,CA,26068,7596.606624440205,76757.0,127175.0,1640000.0,0.0491366322864758,40.5,3.431532168077869,0.415734492003328,"Los Angeles County, CA"
285,107.0,107.0,77401,Bellaire,"Houston-Pasadena-The Woodlands, TX",Harris County,TX,17213,4727.299531272931,119406.0,243750.0,1036800.0,0.023502036067481,43.2,3.641190892628929,0.8055054151624549,"Harris County, TX"
289,108.0,108.0,20015,Washington,"Washington-Arlington-Alexandria, DC-VA-MD-WV",District of Columbia,DC,15653,4503.519343717286,138482.0,250001.0,1245600.0,0.0249983767287838,45.7,3.4757261611048693,0.7176332747510252,"District of Columbia, DC"
294,109.0,109.0,94502,Alameda,"San Francisco-Oakland-Fremont, CA",Alameda County,CA,13430,5324.848388265654,80024.0,180938.0,1204200.0,0.0252766975770266,44.8,2.5221375372105683,0.8234822680825485,"Alameda County, CA"
299,110.0,110.0,06870,Old Greenwich,"Bridgeport-Stamford-Danbury, CT",Fairfield County,CT,7864,3468.334158653568,144459.0,250001.0,1788700.0,0.0338250254323499,40.0,2.267370916490025,0.7912388774811773,"Fairfield County, CT"
301,111.0,111.0,90803,Long Beach,"Los Angeles-Long Beach-Anaheim, CA",Los Angeles County,CA,31526,7763.458259634603,86281.0,114656.0,1186800.0,0.0733282188978391,47.4,4.060819153741907,0.407699468813318,"Los Angeles County, CA"
304,112.0,112.0,94025,Menlo Park,"San Francisco-Oakland-Fremont, CA",San Mateo County,CA,40721,4867.822078159326,129924.0,216601.0,2000001.0,0.0564807930607187,39.6,8.365342723330977,0.5147740265992659,"San Mateo County, CA"
308,113.0,113.0,11021,Great Neck,"New York-Newark-Jersey City, NY-NJ",Nassau County,NY,19783,8315.874836746794,85408.0,120230.0,662000.0,0.0753343924563111,46.1,2.378943934146464,0.6612254282101391,"Nassau County, NY"
310,114.0,114.0,33480,Palm Beach,"Miami-Fort Lauderdale-West Palm Beach, FL",Palm Beach County,FL,10924,2788.6955338962953,196153.0,150633.0,1468600.0,0.0768033687294031,70.0,3.9172436959216057,0.4383638701382192,"Palm Beach County, FL"
312,115.0,115.0,02465,West Newton,"Boston-Cambridge-Newton, MA-NH",Middlesex County,MA,11697,5437.663026973006,111387.0,194265.0,1159200.0,0.0385248030473552,42.3,2.151107919335596,0.6774264382960035,"Middlesex County, MA"
314,116.0,116.0,02143,Somerville,"Boston-Cambridge-Newton, MA-NH",Middlesex County,MA,25513,16522.792616474977,80068.0,130753.0,926800.0,0.0892583421766301,32.1,1.5441094367159718,0.2918773946360153,"Middlesex County, MA"
315,117.0,117.0,94024,Los Altos,"San Jose-Sunnyvale-Santa Clara, CA",Santa Clara County,CA,23051,2786.3250441422747,149845.0,250001.0,2000001.0,0.0350555918901242,47.6,8.272904142487036,0.8212383094589795,"Santa Clara County, CA"
318,118.0,118.0,75205,Dallas,"Dallas-Fort Worth-Arlington, TX",Dallas County,TX,26572,6080.61490348144,121272.0,181631.0,1706700.0,0.0830195212742933,31.0,4.369952779740462,0.4913268130651411,"Dallas County, TX"
320,119.0,119.0,90292,Marina Del Rey,"Los Angeles-Long Beach-Anaheim, CA",Los Angeles County,CA,23982,11441.656979849997,105653.0,146167.0,1272200.0,0.0642976588628762,38.7,2.0960250811779195,0.224540372312835,"Los Angeles County, CA"
324,120.0,120.0,80206,Denver,"Denver-Aurora-Centennial, CO",Denver County,CO,24383,9841.629088722782,91666.0,101594.0,915400.0,0.0683363741914082,37.2,2.4775369789072546,0.4285621000391798,"Denver County, CO"
325,121.0,121.0,02478,Belmont,"Boston-Cambridge-Newton, MA-NH",Middlesex County,MA,27175,5850.000648310233,95484.0,183137.0,1159000.0,0.0359997040106556,42.9,4.645298630496643,0.6193364580461355,"Middlesex County, MA"
326,122.0,122.0,95128,San Jose,"San Jose-Sunnyvale-Santa Clara, CA",Santa Clara County,CA,33165,8437.291446047739,79147.0,131152.0,1262600.0,0.0987776268675145,39.3,3.930763825342955,0.4131496220988562,"Santa Clara County, CA"
328,123.0,123.0,98136,Seattle,"Seattle-Tacoma-Bellevue, WA",King County,WA,17252,7518.468680890716,89774.0,149269.0,925000.0,0.0560144253140995,40.7,2.294616195429326,0.6077890952666267,"King County, WA"
329,124.0,124.0,91403,Sherman Oaks,"Los Angeles-Long Beach-Anaheim, CA",Los Angeles County,CA,25793,7190.413164848531,84453.0,116170.0,1520000.0,0.091846625053309,41.0,3.5871374020749114,0.4152548869298582,"Los Angeles County, CA"
331,125.0,125.0,94708,Berkeley,"San Francisco-Oakland-Fremont, CA",Alameda County,CA,11947,3587.5465512719643,118238.0,234923.0,1593000.0,0.0472168257454176,48.6,3.3301310043668124,0.7996082272282077,"Alameda County, CA"
333,126.0,126.0,02458,Newton,"Boston-Cambridge-Newton, MA-NH",Middlesex County,MA,13050,6639.169809363879,84032.0,153520.0,1136100.0,0.0567386791727531,40.4,1.9656072031166143,0.5869203768704969,"Middlesex County, MA"
335,127.0,127.0,20008,Washington,"Washington-Arlington-Alexandria, DC-VA-MD-WV",District of Columbia,DC,29434,9528.078529086326,111811.0,125212.0,965100.0,0.0799196376885619,39.2,3.0891852864296774,0.3392956030568169,"District of Columbia, DC"
336,128.0,128.0,07028,Glen Ridge,"New York-Newark-Jersey City, NY-NJ",Essex County,NJ,8022,6130.302161593267,94921.0,247361.0,833600.0,0.0109698329593617,40.8,1.308581500314673,0.8828483920367535,"Essex County, NJ"
338,129.0,129.0,60091,Wilmette,"Chicago-Naperville-Elgin, IL-IN",Cook County,IL,27333,5119.5512023484835,112224.0,189909.0,807200.0,0.0325791522809079,45.3,5.338944551909467,0.8462841015992474,"Cook County, IL"
340,130.0,130.0,98109,Seattle,"Seattle-Tacoma-Bellevue, WA",King County,WA,34328,17744.079491657652,117676.0,133663.0,1034100.0,0.0870704631783516,31.7,1.9346171220738304,0.187665162418181,"King County, WA"
341,131.0,131.0,10803,Pelham,"New York-Newark-Jersey City, NY-NJ",Westchester County,NY,13072,5908.635125649696,105600.0,215208.0,978600.0,0.0265696784073506,40.4,2.2123552600589194,0.7603583426651735,"Westchester County, NY"
343,132.0,132.0,22203,Arlington,"Washington-Arlington-Alexandria, DC-VA-MD-WV",Arlington County,VA,26594,16942.621368728138,83339.0,140135.0,826800.0,0.0977406304862224,33.2,1.5696508480727724,0.2703373348534639,"Arlington County, VA"
345,133.0,133.0,94002,Belmont,"San Francisco-Oakland-Fremont, CA",San Mateo County,CA,27534,4895.4937445707865,100792.0,203965.0,2000001.0,0.0701922722072554,39.8,5.624356078594898,0.508087785258372,"San Mateo County, CA"
346,134.0,134.0,10709,Eastchester,"New York-Newark-Jersey City, NY-NJ",Westchester County,NY,10352,6656.164517008343,82027.0,170417.0,847900.0,0.0436630602782071,42.9,1.5552500202703483,0.7588097102584181,"Westchester County, NY"
347,135.0,135.0,33629,Tampa,"Tampa-St. Petersburg-Clearwater, FL",Hillsborough County,FL,27710,5760.3543010935655,96725.0,164355.0,851400.0,0.0347119378724941,41.7,4.810467994084919,0.7599293909973521,"Hillsborough County, FL"
349,136.0,136.0,80209,Denver,"Denver-Aurora-Centennial, CO",Denver County,CO,27564,7869.193090765274,108343.0,125733.0,1018300.0,0.0550355536206646,38.0,3.5027733697813503,0.4523285661899523,"Denver County, CO"
351,137.0,137.0,22046,Falls Church,"Washington-Arlington-Alexandria, DC-VA-MD-WV",Falls Church city,VA,18169,6670.266329970148,88978.0,168882.0,1014700.0,0.037477856510186,40.9,2.723879242776999,0.6060115918587411,"Falls Church city, VA"
354,138.0,138.0,95126,San Jose,"San Jose-Sunnyvale-Santa Clara, CA",Santa Clara County,CA,38327,11523.074023612731,75921.0,128983.0,1214300.0,0.0940423308074209,34.9,3.326108981115757,0.3093136685634653,"Santa Clara County, CA"
357,139.0,139.0,02459,Newton Center,"Boston-Cambridge-Newton, MA-NH",Middlesex County,MA,18449,3665.153375771926,110147.0,227594.0,1450900.0,0.0377573718131523,46.0,5.033622909740965,0.7956941351150705,"Middlesex County, MA"
359,140.0,140.0,02461,Newton Highlands,"Boston-Cambridge-Newton, MA-NH",Middlesex County,MA,6975,4543.502692498353,109070.0,224000.0,1255400.0,0.0353956834532374,43.7,1.5351592091089157,0.7133190883190883,"Middlesex County, MA"
363,141.0,141.0,33129,Miami,"Miami-Fort Lauderdale-West Palm Beach, FL",Miami-Dade County,FL,14702,10635.332797256568,75262.0,113367.0,736300.0,0.047632008709853,44.1,1.3823732910165676,0.400518390520859,"Miami-Dade County, FL"
365,142.0,142.0,98119,Seattle,"Seattle-Tacoma-Bellevue, WA",King County,WA,26879,11086.209637196587,100698.0,123551.0,1047600.0,0.0601304605653291,34.1,2.4245437241070427,0.3434368895330518,"King County, WA"
366,143.0,143.0,91108,San Marino,"Los Angeles-Long Beach-Anaheim, CA",Los Angeles County,CA,12401,3272.9032639700135,101946.0,204847.0,2000001.0,0.0662849770179824,46.1,3.7889906910837494,0.7247646157214802,"Los Angeles County, CA"
367,144.0,144.0,22201,Arlington,"Washington-Arlington-Alexandria, DC-VA-MD-WV",Arlington County,VA,37473,16329.112915274429,98762.0,145000.0,781600.0,0.0732330018812147,31.6,2.2948582813061056,0.2951205988355974,"Arlington County, VA"
368,145.0,145.0,91436,Encino,"Los Angeles-Long Beach-Anaheim, CA",Los Angeles County,CA,15969,3058.8747574635763,110059.0,177981.0,2000001.0,0.0712984483949996,47.8,5.22054718357986,0.7533896953262084,"Los Angeles County, CA"
379,146.0,146.0,91423,Sherman Oaks,"Los Angeles-Long Beach-Anaheim, CA",Los Angeles County,CA,32328,7958.32061380693,81693.0,109461.0,1430800.0,0.0677681843592769,41.2,4.062163560477067,0.3494219997616494,"Los Angeles County, CA"
381,147.0,147.0,55424,Minneapolis,"Minneapolis-St. Paul-Bloomington, MN-WI",Hennepin County,MN,10289,4267.140415886112,124809.0,250001.0,992600.0,0.0158652910258906,43.1,2.411216645624114,0.8659953524399691,"Hennepin County, MN"
386,148.0,148.0,34236,Sarasota,"North Port-Bradenton-Sarasota, FL",Sarasota County,FL,14446,4062.9694136498633,111653.0,95881.0,1018100.0,0.0974459439849078,66.6,3.5555276275197976,0.4029434153768079,"Sarasota County, FL"
392,149.0,149.0,20814,Bethesda,"Washington-Arlington-Alexandria, DC-VA-MD-WV",Montgomery County,MD,32795,7355.4010273642525,107953.0,150996.0,989600.0,0.0438007879832553,39.9,4.458628411692709,0.4662928272122257,"Montgomery County, MD"
393,150.0,150.0,07043,Montclair,"New York-Newark-Jersey City, NY-NJ",Essex County,NJ,13256,5201.530881038654,108861.0,250001.0,975200.0,0.0183775470972702,42.0,2.5484804960636915,0.7939698492462312,"Essex County, NJ"
394,151.0,151.0,92861,Villa Park,"Los Angeles-Long Beach-Anaheim, CA",Orange County,CA,5748,2749.3626307872582,95068.0,202245.0,1871700.0,0.0782639009935506,53.6,2.09066637322924,0.8756976154236428,"Orange County, CA"
395,152.0,152.0,01945,Marblehead,"Boston-Cambridge-Newton, MA-NH",Essex County,MA,20470,4620.875710023553,103886.0,179583.0,942200.0,0.043680981595092,49.2,4.429896254425692,0.7774617067833698,"Essex County, MA"
402,153.0,153.0,92103,San Diego,"San Diego-Chula Vista-Carlsbad, CA",San Diego County,CA,34836,9454.014834936212,85261.0,102626.0,1061200.0,0.0906524649321925,40.8,3.6847837250336872,0.3231398877954566,"San Diego County, CA"
407,154.0,154.0,92075,Solana Beach,"San Diego-Chula Vista-Carlsbad, CA",San Diego County,CA,11944,3493.9390896036507,98583.0,149327.0,2000001.0,0.0594440723375753,50.2,3.4184911910856797,0.5717506844902561,"San Diego County, CA"
414,155.0,155.0,98004,Bellevue,"Seattle-Tacoma-Bellevue, WA",King County,WA,39897,5487.924985471976,132758.0,182545.0,2000001.0,0.0528366387653017,38.0,7.269960887879876,0.3351868432213373,"King County, WA"
419,156.0,156.0,98008,Bellevue,"Seattle-Tacoma-Bellevue, WA",King County,WA,27242,4900.736256769061,89438.0,184583.0,1206200.0,0.0541999408459035,43.0,5.558756597515821,0.6713452604527034,"King County, WA"
420,157.0,157.0,78703,Austin,"Austin-Round Rock-San Marcos, TX",Travis County,TX,23483,4176.574477785143,131918.0,153036.0,1495800.0,0.0675587891386254,40.7,5.622550280116911,0.5042657168889257,"Travis County, TX"
422,158.0,158.0,98033,Kirkland,"Seattle-Tacoma-Bellevue, WA",King County,WA,40982,4452.856426205724,114688.0,182500.0,1491700.0,0.061709057457547,40.0,9.203530515561836,0.596379011274935,"King County, WA"
424,159.0,159.0,92629,Dana Point,"Los Angeles-Long Beach-Anaheim, CA",Orange County,CA,25579,5055.734904592201,87443.0,142807.0,1347700.0,0.080836564446011,48.0,5.059402932057653,0.5214128704616084,"Orange County, CA"
426,160.0,160.0,06853,Norwalk,"Bridgeport-Stamford-Danbury, CT",Fairfield County,CT,3171,2628.895329557065,168472.0,250001.0,1610200.0,0.0170293282876064,45.6,1.2062100625871142,0.8089639970609845,"Fairfield County, CT"
431,161.0,161.0,11030,Manhasset,"New York-Newark-Jersey City, NY-NJ",Nassau County,NY,18051,2747.7092087931564,131516.0,234966.0,1766500.0,0.0256753739674034,44.5,6.569472469005672,0.840745835243772,"Nassau County, NY"
434,162.0,162.0,55410,Minneapolis,"Minneapolis-St. Paul-Bloomington, MN-WI",Hennepin County,MN,20422,6652.7768294773605,90906.0,146425.0,620600.0,0.0225083546294476,41.4,3.069695635890486,0.755007877560207,"Hennepin County, MN"
436,163.0,163.0,01890,Winchester,"Boston-Cambridge-Newton, MA-NH",Middlesex County,MA,23406,3880.005195843555,109898.0,230198.0,1215200.0,0.0465527655535421,42.5,6.032466148517948,0.7993193287172867,"Middlesex County, MA"
438,164.0,164.0,77098,Houston,"Houston-Pasadena-The Woodlands, TX",Harris County,TX,17210,9763.14319758362,100638.0,116650.0,787300.0,0.0957001743172574,37.3,1.7627519797373734,0.3075819868056219,"Harris County, TX"
440,165.0,165.0,98199,Seattle,"Seattle-Tacoma-Bellevue, WA",King County,WA,22468,5305.136645439518,104278.0,180789.0,1198700.0,0.0529201961658493,39.5,4.235140676218827,0.5927724344009712,"King County, WA"
443,166.0,166.0,80218,Denver,"Denver-Aurora-Centennial, CO",Denver County,CO,19149,12098.523294107315,89147.0,81706.0,676700.0,0.0957071372135896,36.7,1.5827551457727635,0.3102025506376594,"Denver County, CO"
444,167.0,167.0,11577,Roslyn Heights,"New York-Newark-Jersey City, NY-NJ",Nassau County,NY,13077,4429.252085629794,89313.0,182674.0,988300.0,0.0397185301016419,44.3,2.9524171907999643,0.8807785888077859,"Nassau County, NY"
450,168.0,168.0,60558,Western Springs,"Chicago-Naperville-Elgin, IL-IN",Cook County,IL,13446,4727.546167043287,104158.0,230255.0,739400.0,0.0129435393885293,41.6,2.8441816377669413,0.940801056338028,"Cook County, IL"
457,169.0,169.0,55401,Minneapolis,"Minneapolis-St. Paul-Bloomington, MN-WI",Hennepin County,MN,11816,14933.12629613762,112103.0,113522.0,396500.0,0.0472915605365936,35.2,0.7912609701195757,0.2579453067257945,"Hennepin County, MN"
464,170.0,170.0,19066,Merion Station,"Philadelphia-Camden-Wilmington, PA-NJ-DE-MD",Montgomery County,PA,5839,4381.179671817507,102205.0,250001.0,879700.0,0.0527527335507385,41.7,1.332746072378658,0.8585472419442928,"Montgomery County, PA"
467,171.0,171.0,10708,Bronxville,"New York-Newark-Jersey City, NY-NJ",Westchester County,NY,22482,7664.450339619751,93463.0,126343.0,511200.0,0.0709419219591214,42.0,2.9332827539874673,0.7190148569149467,"Westchester County, NY"
475,172.0,172.0,22027,Dunn Loring,"Washington-Arlington-Alexandria, DC-VA-MD-WV",Fairfax County,VA,1939,3043.2156887697133,116435.0,250001.0,1097500.0,0.0481341265548945,51.4,0.6371549697103077,0.9514415781487102,"Fairfax County, VA"
482,173.0,173.0,60521,Hinsdale,"Chicago-Naperville-Elgin, IL-IN",DuPage County,IL,18056,3817.6193265753145,119640.0,249200.0,1032800.0,0.0285633802816901,42.3,4.729649149224515,0.813489646772229,"DuPage County, IL"
485,174.0,174.0,94925,Corte Madera,"San Francisco-Oakland-Fremont, CA",Marin County,CA,10077,3137.9233591214743,126428.0,232763.0,1755200.0,0.0463431576858191,45.9,3.211359503318546,0.6660273315751618,"Marin County, CA"
488,175.0,175.0,02481,Wellesley Hills,"Boston-Cambridge-Newton, MA-NH",Norfolk County,MA,17415,2859.783974278054,121763.0,250001.0,1694600.0,0.0237394677009495,36.7,6.089620809346754,0.8554724937703662,"Norfolk County, MA"
494,176.0,176.0,92782,Tustin,"Los Angeles-Long Beach-Anaheim, CA",Orange County,CA,30073,5816.978292298181,76820.0,146080.0,1149200.0,0.0713524672038356,39.9,5.16986629292005,0.5764795016415524,"Orange County, CA"
495,177.0,177.0,07661,River Edge,"New York-Newark-Jersey City, NY-NJ",Bergen County,NJ,12091,6621.606256400259,75927.0,159028.0,660300.0,0.0435034323050202,43.6,1.8259919922470744,0.7477124183006536,"Bergen County, NJ"
500,178.0,178.0,33767,Clearwater Beach,"Tampa-St. Petersburg-Clearwater, FL",Pinellas County,FL,8081,4025.6524349957735,102924.0,117425.0,757800.0,0.0538299715381759,64.5,2.0073764763570514,0.4250169644876724,"Pinellas County, FL"
501,179.0,179.0,11803,Plainview,"New York-Newark-Jersey City, NY-NJ",Nassau County,NY,29713,4823.742863708299,78137.0,187514.0,800200.0,0.0343563280825638,46.6,6.159739612894258,0.8984624039002438,"Nassau County, NY"
505,180.0,180.0,33062,Pompano Beach,"Miami-Fort Lauderdale-West Palm Beach, FL",Broward County,FL,24920,6406.609763847245,76532.0,83582.0,557600.0,0.0962395656049923,62.2,3.8897327788910383,0.4221088435374149,"Broward County, FL"
508,181.0,181.0,94085,Sunnyvale,"San Jose-Sunnyvale-Santa Clara, CA",Santa Clara County,CA,24024,6839.2360604577725,106055.0,192417.0,1534400.0,0.072226389930816,33.0,3.5126730219035593,0.3612260989552533,"Santa Clara County, CA"
510,182.0,182.0,07090,Westfield,"New York-Newark-Jersey City, NY-NJ",Union County,NJ,31111,4617.188753880955,107640.0,232629.0,953400.0,0.0175789439731638,40.7,6.738082772520357,0.7899392423159399,"Union County, NJ"
516,183.0,183.0,98006,Bellevue,"Seattle-Tacoma-Bellevue, WA",King County,WA,40009,3557.619087542678,90517.0,198150.0,1388500.0,0.093365047571357,42.7,11.24600442472751,0.7681050400054709,"King County, WA"
522,184.0,184.0,07079,South Orange,"New York-Newark-Jersey City, NY-NJ",Essex County,NJ,18539,6501.6238019120665,84795.0,195417.0,866600.0,0.0604325312214438,37.5,2.8514415113571867,0.6392232386454823,"Essex County, NJ"
525,185.0,185.0,10804,New Rochelle,"New York-Newark-Jersey City, NY-NJ",Westchester County,NY,16108,3765.545465154933,110526.0,250001.0,927000.0,0.0293733275250482,44.8,4.277733504762566,0.9490732409573512,"Westchester County, NY"
527,186.0,186.0,94582,San Ramon,"San Francisco-Oakland-Fremont, CA",Contra Costa County,CA,47424,3536.112637227391,89337.0,214677.0,1635700.0,0.0493626540604423,42.3,13.411337495511566,0.6900661462368154,"Contra Costa County, CA"
530,187.0,187.0,92661,Newport Beach,"Los Angeles-Long Beach-Anaheim, CA",Orange County,CA,3079,4747.816163192987,135686.0,209231.0,2000001.0,0.0990581357583631,45.5,0.6485086815007007,0.2451088962716869,"Orange County, CA"
535,188.0,188.0,92660,Newport Beach,"Los Angeles-Long Beach-Anaheim, CA",Orange County,CA,34890,3629.1579193873713,116172.0,159564.0,2000001.0,0.049957007738607,45.2,9.613800439383937,0.44757048238673,"Orange County, CA"
539,189.0,189.0,07041,Millburn,"New York-Newark-Jersey City, NY-NJ",Essex County,NJ,7532,5613.331906103222,88826.0,202750.0,961700.0,0.0485926712692511,39.8,1.3418055668168605,0.6337290502793296,"Essex County, NJ"
540,190.0,190.0,33305,Fort Lauderdale,"Miami-Fort Lauderdale-West Palm Beach, FL",Broward County,FL,13243,6029.39060491074,88544.0,92485.0,640400.0,0.0773932309572923,51.5,2.1964077081378695,0.5525768430783453,"Broward County, FL"
542,191.0,191.0,60642,Chicago,"Chicago-Naperville-Elgin, IL-IN",Cook County,IL,21789,13065.50618416404,96847.0,143175.0,593600.0,0.0893562310588667,33.1,1.6676736203614686,0.3160749900279218,"Cook County, IL"
553,192.0,192.0,10583,Scarsdale,"New York-Newark-Jersey City, NY-NJ",Westchester County,NY,40207,3235.429698473793,146652.0,250001.0,1183200.0,0.0333948523543495,43.4,12.42709740192047,0.8070794059808775,"Westchester County, NY"
560,193.0,193.0,90275,Rancho Palos Verdes,"Los Angeles-Long Beach-Anaheim, CA",Los Angeles County,CA,40945,3025.748128907365,88068.0,179469.0,1612000.0,0.0416032968650345,49.2,13.532190471777882,0.7303196564885496,"Los Angeles County, CA"
570,194.0,194.0,07040,Maplewood,"New York-Newark-Jersey City, NY-NJ",Essex County,NJ,25613,6611.502276791556,76292.0,173500.0,720700.0,0.0329464181029429,38.1,3.8740060772435414,0.7163849298420064,"Essex County, NJ"
571,195.0,195.0,07750,Monmouth Beach,"New York-Newark-Jersey City, NY-NJ",Monmouth County,NJ,3207,3077.8019321075876,124673.0,150188.0,995000.0,0.0024945431867789,58.5,1.0419773821520546,0.7058189655172413,"Monmouth County, NJ"
572,196.0,196.0,98020,Edmonds,"Seattle-Tacoma-Bellevue, WA",Snohomish County,WA,19551,3778.03197004965,95813.0,130319.0,1031500.0,0.029687178431776,51.2,5.174916505469133,0.709216880117573,"Snohomish County, WA"
573,197.0,197.0,98177,Seattle,"Seattle-Tacoma-Bellevue, WA",King County,WA,21090,3739.9934858264346,84734.0,169918.0,1048900.0,0.0780534351145038,45.8,5.639047255008706,0.851878612716763,"King County, WA"
576,198.0,198.0,92037,La Jolla,"San Diego-Chula Vista-Carlsbad, CA",San Diego County,CA,40717,3380.0522463323528,93486.0,147230.0,1958700.0,0.0834727644543595,43.7,12.04626349908687,0.5285453067858594,"San Diego County, CA"
580,199.0,199.0,80211,Denver,"Denver-Aurora-Centennial, CO",Denver County,CO,38177,8457.2810972444,90186.0,121439.0,807100.0,0.0775714021506512,34.0,4.5140985100328574,0.4455254703992657,"Denver County, CO"
583,200.0,200.0,33308,Fort Lauderdale,"Miami-Fort Lauderdale-West Palm Beach, FL",Broward County,FL,27935,6066.174348860713,81285.0,93879.0,564900.0,0.0740459944402325,56.6,4.605044034919054,0.476925049141099,"Broward County, FL"
584,201.0,201.0,92648,Huntington Beach,"Los Angeles-Long Beach-Anaheim, CA",Orange County,CA,45827,5703.913869133203,77180.0,130164.0,1239500.0,0.0632366821045238,44.5,8.03430785447048,0.4255805448893764,"Orange County, CA"
587,202.0,202.0,07450,Ridgewood,"New York-Newark-Jersey City, NY-NJ",Bergen County,NJ,26308,4574.5163023745945,93638.0,208211.0,891200.0,0.0423225308641975,41.6,5.750990544365036,0.7993689478837994,"Bergen County, NJ"
588,203.0,203.0,02210,Boston,"Boston-Cambridge-Newton, MA-NH",Suffolk County,MA,6971,7554.833358927826,164154.0,172124.0,1190900.0,0.0394698934024776,35.7,0.9227205510445986,0.205420054200542,"Suffolk County, MA"
589,204.0,204.0,94904,Greenbrae,"San Francisco-Oakland-Fremont, CA",Marin County,CA,12815,2590.5167956901732,131960.0,169118.0,2000001.0,0.0519153622276409,50.9,4.946889370229228,0.5844351464435147,"Marin County, CA"
592,205.0,205.0,22302,Alexandria,"Washington-Arlington-Alexandria, DC-VA-MD-WV",Alexandria city,VA,18026,7949.773537716299,86430.0,123539.0,631100.0,0.0426405198951088,39.4,2.2674859748493237,0.5032447142558091,"Alexandria city, VA"
593,206.0,206.0,02482,Wellesley,"Boston-Cambridge-Newton, MA-NH",Norfolk County,MA,11051,2971.0269637861843,114232.0,226250.0,1352500.0,0.0623384085033036,44.3,3.719589264823416,0.7872749099639856,"Norfolk County, MA"
594,207.0,207.0,02494,Needham Heights,"Boston-Cambridge-Newton, MA-NH",Norfolk County,MA,11035,3940.47426945083,102850.0,179720.0,1107700.0,0.0269156825048063,42.9,2.8004243259626485,0.6914822266934944,"Norfolk County, MA"
598,208.0,208.0,07704,Fair Haven,"New York-Newark-Jersey City, NY-NJ",Monmouth County,NJ,6170,3845.99181667937,116033.0,250001.0,992200.0,0.0106986545631382,40.1,1.604267584044726,0.8621013133208255,"Monmouth County, NJ"
600,209.0,209.0,98039,Medina,"Seattle-Tacoma-Bellevue, WA",King County,WA,2928,2039.8877340823467,171315.0,250001.0,2000001.0,0.0467896174863388,47.4,1.4353731095486857,0.736697247706422,"King County, WA"
604,210.0,210.0,33301,Fort Lauderdale,"Miami-Fort Lauderdale-West Palm Beach, FL",Broward County,FL,19503,7824.465639939266,105479.0,124812.0,884800.0,0.0831215185766048,41.2,2.492566380565176,0.2907893834442082,"Broward County, FL"
609,211.0,211.0,98075,Sammamish,"Seattle-Tacoma-Bellevue, WA",King County,WA,25498,2645.381792314851,108795.0,250001.0,1599100.0,0.02537652965171,41.6,9.638684319244476,0.8483982374657616,"King County, WA"
610,212.0,212.0,02466,Auburndale,"Boston-Cambridge-Newton, MA-NH",Middlesex County,MA,8679,5467.609390992835,84335.0,170089.0,1174000.0,0.079978162958919,36.6,1.5873482136996668,0.5217136150234741,"Middlesex County, MA"
614,213.0,213.0,55419,Minneapolis,"Minneapolis-St. Paul-Bloomington, MN-WI",Hennepin County,MN,29738,7083.316560593203,77923.0,148350.0,495000.0,0.0497058226820856,38.7,4.1983158236132185,0.7878078320549051,"Hennepin County, MN"
615,214.0,214.0,92009,Carlsbad,"San Diego-Chula Vista-Carlsbad, CA",San Diego County,CA,44739,3671.6317548643424,80506.0,164182.0,1368100.0,0.05637155819072,43.6,12.185045502106188,0.6874926531092042,"San Diego County, CA"
616,215.0,215.0,33706,Saint Petersburg,"Tampa-St. Petersburg-Clearwater, FL",Pinellas County,FL,15298,4183.4852012533875,90548.0,104359.0,655800.0,0.0746581168618726,62.7,3.6567596786087977,0.4553521907931225,"Pinellas County, FL"
622,216.0,216.0,30326,Atlanta,"Atlanta-Sandy Springs-Roswell, GA",Fulton County,GA,8234,10923.665727078129,118577.0,121984.0,448000.0,0.0851348068982268,34.9,0.7537762694064456,0.3042190969652109,"Fulton County, GA"
627,217.0,217.0,64113,Kansas City,"Kansas City, MO-KS",Jackson County,MO,12386,4895.823046843881,88844.0,179964.0,508500.0,0.031487162925884,41.4,2.5299116985007664,0.9309236947791164,"Jackson County, MO"
628,218.0,218.0,94595,Walnut Creek,"San Francisco-Oakland-Fremont, CA",Contra Costa County,CA,16988,3255.4094507664895,86558.0,100552.0,860600.0,0.0450864257222289,69.2,5.218391190699578,0.7803215303215303,"Contra Costa County, CA"
635,219.0,219.0,27608,Raleigh,"Raleigh-Cary, NC",Wake County,NC,12604,3653.14874343618,111630.0,162188.0,977400.0,0.0201551627609373,42.0,3.450174324997394,0.7176388159047119,"Wake County, NC"
637,220.0,220.0,77006,Houston,"Houston-Pasadena-The Woodlands, TX",Harris County,TX,24892,10867.50551339794,102976.0,106533.0,614800.0,0.0854998769785942,33.8,2.2904980328109374,0.2983970406905055,"Harris County, TX"
639,221.0,221.0,11530,Garden City,"New York-Newark-Jersey City, NY-NJ",Nassau County,NY,27939,3861.4676956410167,97734.0,228143.0,994300.0,0.0340216906848908,41.6,7.235331796647864,0.8503678663750248,"Nassau County, NY"
640,222.0,222.0,90274,Palos Verdes Peninsula,"Los Angeles-Long Beach-Anaheim, CA",Los Angeles County,CA,25059,2092.9169264705047,115718.0,215925.0,2000001.0,0.0301489429852658,51.1,11.973241595527396,0.7867223216060425,"Los Angeles County, CA"
641,223.0,223.0,07452,Glen Rock,"New York-Newark-Jersey City, NY-NJ",Bergen County,NJ,12154,4495.69485119482,83336.0,215096.0,856900.0,0.0134112226427513,39.7,2.7034753029934477,0.8852813852813853,"Bergen County, NJ"
642,224.0,224.0,19096,Wynnewood,"Philadelphia-Camden-Wilmington, PA-NJ-DE-MD",Montgomery County,PA,15249,4369.061644359185,104566.0,186277.0,713100.0,0.0476318622174381,43.4,3.4902231282746263,0.778764026126277,"Montgomery County, PA"
644,225.0,225.0,80210,Denver,"Denver-Aurora-Centennial, CO",Denver County,CO,39113,6423.817512771568,83453.0,127270.0,910200.0,0.0953604066403504,35.7,6.088747060799463,0.5270470937632584,"Denver County, CO"
647,226.0,226.0,11579,Sea Cliff,"New York-Newark-Jersey City, NY-NJ",Nassau County,NY,5033,4521.428895492279,98061.0,193590.0,986900.0,0.0094056433860316,40.5,1.113143680091429,0.6963830871115639,"Nassau County, NY"
648,227.0,227.0,01907,Swampscott,"Boston-Cambridge-Newton, MA-NH",Essex County,MA,15277,5053.72519535199,78590.0,134386.0,771100.0,0.0707157491243143,44.5,3.022918621307418,0.7081753374791445,"Essex County, MA"
653,228.0,228.0,60305,River Forest,"Chicago-Naperville-Elgin, IL-IN",Cook County,IL,11992,4841.1526057982555,91438.0,146786.0,687300.0,0.0272620233674486,40.0,2.477096050563902,0.8356837606837607,"Cook County, IL"
655,229.0,229.0,77056,Houston,"Houston-Pasadena-The Woodlands, TX",Harris County,TX,22877,6617.944825218316,97895.0,93499.0,860900.0,0.0858195858195858,43.1,3.4568133467696787,0.2743531202435312,"Harris County, TX"
661,230.0,230.0,94960,San Anselmo,"San Francisco-Oakland-Fremont, CA",Marin County,CA,16232,2760.898132938391,113369.0,185170.0,1674500.0,0.0616925264264078,47.0,5.8792462519160305,0.6897704155768671,"Marin County, CA"
669,231.0,231.0,22206,Arlington,"Washington-Arlington-Alexandria, DC-VA-MD-WV",Arlington County,VA,20703,10044.67096086516,87992.0,140877.0,586000.0,0.0367465504720406,35.1,2.0610928999725866,0.4223581664292298,"Arlington County, VA"
672,232.0,232.0,94526,Danville,"San Francisco-Oakland-Fremont, CA",Contra Costa County,CA,32584,2474.0469889968363,107752.0,225097.0,1677700.0,0.0419459991389384,46.0,13.170323823644107,0.8178087812884695,"Contra Costa County, CA"
684,233.0,233.0,22101,Mc Lean,"Washington-Arlington-Alexandria, DC-VA-MD-WV",Fairfax County,VA,30953,2362.218431765878,135969.0,250001.0,1449900.0,0.0334013671558622,47.5,13.103360630736026,0.8071878279118573,"Fairfax County, VA"
690,234.0,234.0,94568,Dublin,"San Francisco-Oakland-Fremont, CA",Alameda County,CA,70803,4292.5318031230445,84023.0,214385.0,1317100.0,0.0452624343731262,37.4,16.49446136857671,0.6306793337838374,"Alameda County, CA"
694,235.0,235.0,94939,Larkspur,"San Francisco-Oakland-Fremont, CA",Marin County,CA,7315,3099.7970775568674,114426.0,203988.0,2000001.0,0.068215994531784,48.4,2.3598318912428233,0.4502176278563656,"Marin County, CA"
698,236.0,236.0,33704,Saint Petersburg,"Tampa-St. Petersburg-Clearwater, FL",Pinellas County,FL,16232,4743.6163883506715,82215.0,107889.0,753600.0,0.059272118544237,48.0,3.4218618604705036,0.5766415136839734,"Pinellas County, FL"
699,237.0,237.0,92130,San Diego,"San Diego-Chula Vista-Carlsbad, CA",San Diego County,CA,60768,3273.3925106342585,97985.0,205680.0,1748100.0,0.0455085472906078,40.0,18.56422650280503,0.578428481145987,"San Diego County, CA"
700,238.0,238.0,02132,West Roxbury,"Boston-Cambridge-Newton, MA-NH",Suffolk County,MA,26444,5436.844374500141,75546.0,138724.0,746100.0,0.0428484060851616,43.2,4.863850825678863,0.6502253380070105,"Suffolk County, MA"
703,239.0,239.0,60068,Park Ridge,"Chicago-Naperville-Elgin, IL-IN",Cook County,IL,38650,5286.285910310519,77206.0,143222.0,551700.0,0.0291208647060366,44.4,7.311371472476727,0.8097197222936487,"Cook County, IL"
706,240.0,240.0,80212,Denver,"Denver-Aurora-Centennial, CO",Denver County,CO,20746,5822.379970693016,82860.0,124972.0,744500.0,0.0944062711700377,38.1,3.5631477341611357,0.6353982300884956,"Denver County, CO"
708,241.0,241.0,77008,Houston,"Houston-Pasadena-The Woodlands, TX",Harris County,TX,41645,6426.103361355502,108949.0,143229.0,642600.0,0.0845881417592213,35.5,6.4805991528924825,0.5501212426225008,"Harris County, TX"
709,242.0,242.0,34103,Naples,"Naples-Marco Island, FL",Collier County,FL,11299,2912.3227010682954,124231.0,116875.0,950900.0,0.079627807103874,61.6,3.879721157224546,0.4528647087144921,"Collier County, FL"
711,243.0,243.0,11576,Roslyn,"New York-Newark-Jersey City, NY-NJ",Nassau County,NY,12281,2666.00087386871,109474.0,216250.0,1214400.0,0.0445403468772901,48.7,4.606525121718617,0.8867796610169492,"Nassau County, NY"
715,244.0,244.0,33786,Belleair Beach,"Tampa-St. Petersburg-Clearwater, FL",Pinellas County,FL,1582,2950.5948409146395,102464.0,163125.0,1053000.0,0.0569981000633312,59.1,0.5361630739887027,0.5585509688289806,"Pinellas County, FL"
718,245.0,245.0,92677,Laguna Niguel,"Los Angeles-Long Beach-Anaheim, CA",Orange County,CA,64139,3899.901290944541,77395.0,140452.0,1190900.0,0.0639958702249476,47.6,16.446313692330857,0.6255833303187064,"Orange County, CA"
720,246.0,246.0,48009,Birmingham,"Detroit-Warren-Dearborn, MI",Oakland County,MI,21772,4385.508103807945,108935.0,153401.0,697900.0,0.0504887495389155,41.8,4.964533067695242,0.7039899526615786,"Oakland County, MI"
728,247.0,247.0,20895,Kensington,"Washington-Arlington-Alexandria, DC-VA-MD-WV",Montgomery County,MD,19184,4708.418978523435,80663.0,173625.0,781500.0,0.0474385299847312,41.9,4.074403762176688,0.7542512342292924,"Montgomery County, MD"
729,248.0,248.0,34102,Naples,"Naples-Marco Island, FL",Collier County,FL,11179,1980.3156611116003,135805.0,130929.0,2000001.0,0.0946057331257441,65.7,5.645059633434878,0.4184695512820512,"Collier County, FL"
738,249.0,249.0,02467,Chestnut Hill,"Boston-Cambridge-Newton, MA-NH",Norfolk County,MA,23001,4688.587640374625,81912.0,169104.0,1339100.0,0.0580118783370328,26.5,4.905741721010505,0.6210174029451138,"Norfolk County, MA"
739,250.0,250.0,98074,Sammamish,"Seattle-Tacoma-Bellevue, WA",King County,WA,30761,2932.912183095792,97647.0,244362.0,1366900.0,0.0535540092345711,39.1,10.488210379190653,0.8250359712230216,"King County, WA"
741,251.0,251.0,07632,Englewood Cliffs,"New York-Newark-Jersey City, NY-NJ",Bergen County,NJ,5362,2521.9495690947497,104433.0,230611.0,1401600.0,0.0524841240194247,49.8,2.1261329194321212,0.8071188071188071,"Bergen County, NJ"
744,252.0,252.0,94010,Burlingame,"San Francisco-Oakland-Fremont, CA",San Mateo County,CA,43025,2845.4966876898748,120330.0,196882.0,2000001.0,0.0638043986897519,42.5,15.120383090282202,0.5380398671096346,"San Mateo County, CA"
748,253.0,253.0,10706,Hastings On Hudson,"New York-Newark-Jersey City, NY-NJ",Westchester County,NY,9183,3448.0887278496784,112019.0,190833.0,867200.0,0.0275445078938528,47.9,2.6632145297858294,0.79082774049217,"Westchester County, NY"
750,254.0,254.0,60022,Glencoe,"Chicago-Naperville-Elgin, IL-IN",Cook County,IL,8352,2202.346214427938,147290.0,250001.0,1392900.0,0.0221503831417624,44.9,3.792319275363998,0.817783343769568,"Cook County, IL"
758,255.0,255.0,22180,Vienna,"Washington-Arlington-Alexandria, DC-VA-MD-WV",Fairfax County,VA,26568,4509.134853829765,89115.0,177111.0,941400.0,0.0509542128686731,38.6,5.892039351503287,0.6732225390893893,"Fairfax County, VA"
760,256.0,256.0,30306,Atlanta,"Atlanta-Sandy Springs-Roswell, GA",Fulton County,GA,24236,5309.886877606049,95982.0,123077.0,799800.0,0.0908673894912427,37.7,4.564315692338581,0.5491890129594914,"Fulton County, GA"
765,257.0,257.0,20194,Reston,"Washington-Arlington-Alexandria, DC-VA-MD-WV",Fairfax County,VA,12275,3937.386400565539,105788.0,170988.0,827100.0,0.0328309572301425,44.6,3.117550260811818,0.7007562736335511,"Fairfax County, VA"
767,258.0,258.0,07016,Cranford,"New York-Newark-Jersey City, NY-NJ",Union County,NJ,24074,5073.028323939699,80695.0,155972.0,660100.0,0.024702768558585,43.4,4.745488978721926,0.7562364144498499,"Union County, NJ"
768,259.0,259.0,77027,Houston,"Houston-Pasadena-The Woodlands, TX",Harris County,TX,20317,7626.743975010413,104349.0,103812.0,859500.0,0.0764868330210079,36.5,2.663915304692296,0.2605678680167103,"Harris County, TX"
780,260.0,260.0,95819,Sacramento,"Sacramento-Roseville-Folsom, CA",Sacramento County,CA,19737,5473.1133747432405,76276.0,136306.0,753500.0,0.0586853114791678,37.9,3.606174155112568,0.6597767215651598,"Sacramento County, CA"
781,261.0,261.0,77019,Houston,"Houston-Pasadena-The Woodlands, TX",Harris County,TX,23708,6398.68629291566,119258.0,116423.0,816500.0,0.0909977112825294,36.6,3.705135541063865,0.3330015263122968,"Harris County, TX"
782,262.0,262.0,10580,Rye,"New York-Newark-Jersey City, NY-NJ",Westchester County,NY,18391,2201.77985282826,152358.0,250001.0,1906900.0,0.0254850378165077,42.3,8.352787848601732,0.676904546823246,"Westchester County, NY"
784,263.0,263.0,19806,Wilmington,"Philadelphia-Camden-Wilmington, PA-NJ-DE-MD",New Castle County,DE,9777,5735.739546660089,90327.0,88855.0,386000.0,0.099011982341812,50.3,1.7045753072405685,0.4603507719982012,"New Castle County, DE"
788,264.0,264.0,20817,Bethesda,"Washington-Arlington-Alexandria, DC-VA-MD-WV",Montgomery County,MD,37454,2668.0030532330575,127135.0,249332.0,1183600.0,0.0403621072930337,45.8,14.038214819362237,0.7740475029602285,"Montgomery County, MD"
789,265.0,265.0,32814,Orlando,"Orlando-Kissimmee-Sanford, FL",Orange County,FL,9286,7745.929757096756,87952.0,140274.0,754300.0,0.0668252595155709,37.1,1.198823161479388,0.332013201320132,"Orange County, FL"
790,266.0,266.0,22315,Alexandria,"Washington-Arlington-Alexandria, DC-VA-MD-WV",Fairfax County,VA,30404,5520.9825695778545,75930.0,159805.0,618100.0,0.0352235658506046,40.9,5.506990760582087,0.7371907756813417,"Fairfax County, VA"
792,267.0,267.0,07044,Verona,"New York-Newark-Jersey City, NY-NJ",Essex County,NJ,14545,5205.400391185003,82980.0,161843.0,608400.0,0.0533756292669471,42.8,2.7942134911717806,0.7686294078509648,"Essex County, NJ"
799,268.0,268.0,60093,Winnetka,"Chicago-Naperville-Elgin, IL-IN",Cook County,IL,19867,2372.1295920788575,143783.0,250001.0,1177800.0,0.0191735203592512,43.5,8.37517480762474,0.8496201205134922,"Cook County, IL"
809,269.0,269.0,98034,Kirkland,"Seattle-Tacoma-Bellevue, WA",King County,WA,52531,5353.293790908179,80426.0,135219.0,946300.0,0.0591743119266055,37.1,9.812837115201216,0.5567871833730245,"King County, WA"
810,270.0,270.0,01908,Nahant,"Boston-Cambridge-Newton, MA-NH",Essex County,MA,3325,3090.7289974611544,97976.0,112762.0,748800.0,0.0889972569338616,60.7,1.0757979760539615,0.6907386990077178,"Essex County, MA"
811,271.0,271.0,92673,San Clemente,"Los Angeles-Long Beach-Anaheim, CA",Orange County,CA,29406,2853.6195766191067,82369.0,182178.0,1375700.0,0.038191605342055,43.4,10.30480735446855,0.7842749901224813,"Orange County, CA"
821,272.0,272.0,91105,Pasadena,"Los Angeles-Long Beach-Anaheim, CA",Los Angeles County,CA,12531,2986.636875295223,113117.0,156791.0,1671000.0,0.0677676537585421,47.6,4.195689172545068,0.4756024992561737,"Los Angeles County, CA"
822,273.0,273.0,94920,Belvedere Tiburon,"San Francisco-Oakland-Fremont, CA",Marin County,CA,12609,1936.8044330195155,156030.0,246045.0,2000001.0,0.0258455647734524,51.4,6.510208147521805,0.6129642365887208,"Marin County, CA"
828,274.0,274.0,92014,Del Mar,"San Diego-Chula Vista-Carlsbad, CA",San Diego County,CA,13105,2078.494221434361,112532.0,198823.0,2000001.0,0.0474081990991678,52.5,6.305045193224684,0.6131934032983508,"San Diego County, CA"
830,275.0,275.0,33483,Delray Beach,"Miami-Fort Lauderdale-West Palm Beach, FL",Palm Beach County,FL,12669,3321.353713023622,106781.0,116115.0,866800.0,0.0943845177664974,60.3,3.814408549839961,0.4869032530629489,"Palm Beach County, FL"
834,276.0,276.0,48070,Huntington Woods,"Detroit-Warren-Dearborn, MI",Oakland County,MI,6328,4249.2052815301995,88371.0,190150.0,473900.0,0.0222819216182048,45.7,1.4892196494967165,0.9271089271089272,"Oakland County, MI"
839,277.0,277.0,22308,Alexandria,"Washington-Arlington-Alexandria, DC-VA-MD-WV",Fairfax County,VA,14090,3176.9905204688157,92371.0,212545.0,914400.0,0.0262538346293786,42.3,4.435014807006977,0.9258578431372548,"Fairfax County, VA"
846,278.0,278.0,07901,Summit,"New York-Newark-Jersey City, NY-NJ",Union County,NJ,24314,3839.21717009295,110520.0,179701.0,987900.0,0.0517127527858027,41.5,6.333061903713914,0.6323078549529548,"Union County, NJ"
847,279.0,279.0,48069,Pleasant Ridge,"Detroit-Warren-Dearborn, MI",Oakland County,MI,2602,4553.725489401123,89647.0,171125.0,448700.0,0.0253651037663335,43.1,0.57140027567674,0.9291808873720137,"Oakland County, MI"
849,280.0,280.0,95864,Sacramento,"Sacramento-Roseville-Folsom, CA",Sacramento County,CA,25500,4060.5802548242978,77040.0,127953.0,810400.0,0.065910785044529,44.6,6.279890655948479,0.7158594491927825,"Sacramento County, CA"
854,281.0,281.0,97035,Lake Oswego,"Portland-Vancouver-Hillsboro, OR-WA",Clackamas County,OR,25911,4454.949554138148,77297.0,130603.0,837100.0,0.0397595034910783,44.6,5.816227475781759,0.5813934153641503,"Clackamas County, OR"
855,282.0,282.0,75209,Dallas,"Dallas-Fort Worth-Arlington, TX",Dallas County,TX,14211,4060.286162195459,119585.0,134707.0,864200.0,0.0500106860440265,38.9,3.4999996138981233,0.5951308753166338,"Dallas County, TX"
857,283.0,283.0,94539,Fremont,"San Francisco-Oakland-Fremont, CA",Alameda County,CA,52396,2089.5856764964133,96664.0,243552.0,1950900.0,0.0396216278445066,43.7,25.074827315935583,0.7571578308600431,"Alameda County, CA"
860,284.0,284.0,34228,Longboat Key,"North Port-Bradenton-Sarasota, FL",Sarasota County,FL,7539,1848.6333464049044,155139.0,158030.0,1022100.0,0.0513875979285619,71.2,4.078147792076417,0.3978862606945143,"Sarasota County, FL"
864,285.0,285.0,75230,Dallas,"Dallas-Fort Worth-Arlington, TX",Dallas County,TX,27763,3890.9561173452994,102553.0,110956.0,931500.0,0.0547279910115617,44.7,7.135264228819416,0.5087905526438001,"Dallas County, TX"
870,286.0,286.0,92024,Encinitas,"San Diego-Chula Vista-Carlsbad, CA",San Diego County,CA,50617,2808.1403470794226,84032.0,158507.0,1612000.0,0.0575479233226837,43.8,18.025096235892804,0.6180558783878016,"San Diego County, CA"
874,287.0,287.0,07078,Short Hills,"New York-Newark-Jersey City, NY-NJ",Essex County,NJ,14613,1828.5136182931735,166888.0,250001.0,1679200.0,0.0211455553274481,41.5,7.991737033733721,0.8751093613298337,"Essex County, NJ"
875,288.0,288.0,92011,Carlsbad,"San Diego-Chula Vista-Carlsbad, CA",San Diego County,CA,23190,3547.4403173247915,75521.0,159235.0,1302600.0,0.0557936198762065,43.3,6.5371078652813335,0.5807481296758105,"San Diego County, CA"
883,289.0,289.0,30309,Atlanta,"Atlanta-Sandy Springs-Roswell, GA",Fulton County,GA,32479,9815.930366642193,101314.0,114072.0,432300.0,0.0965140723541777,32.9,3.308805053301364,0.3970267131242741,"Fulton County, GA"
886,290.0,290.0,95014,Cupertino,"San Jose-Sunnyvale-Santa Clara, CA",Santa Clara County,CA,60932,2450.965182541016,109085.0,230913.0,2000001.0,0.0402639175257732,41.0,24.86041027185433,0.5558777700831025,"Santa Clara County, CA"
892,291.0,291.0,48230,Grosse Pointe,"Detroit-Warren-Dearborn, MI",Wayne County,MI,17174,5276.884292650798,78307.0,137310.0,466100.0,0.0436709229782519,42.4,3.2545720253746153,0.7327294849263215,"Wayne County, MI"
895,292.0,292.0,94043,Mountain View,"San Jose-Sunnyvale-Santa Clara, CA",Santa Clara County,CA,33176,3922.403124976177,106684.0,203298.0,1641100.0,0.0465706260759264,36.1,8.458080147027594,0.4095579288900906,"Santa Clara County, CA"
902,293.0,293.0,60514,Clarendon Hills,"Chicago-Naperville-Elgin, IL-IN",DuPage County,IL,9918,4866.810232163001,77141.0,118716.0,566300.0,0.0878201250252067,41.8,2.0378850883594146,0.7452830188679245,"DuPage County, IL"
906,294.0,294.0,33140,Miami Beach,"Miami-Fort Lauderdale-West Palm Beach, FL",Miami-Dade County,FL,20342,6589.425863860712,90994.0,107063.0,866900.0,0.0996841689696012,40.2,3.0870671315333262,0.3178753701720118,"Miami-Dade County, FL"
912,295.0,295.0,02420,Lexington,"Boston-Cambridge-Newton, MA-NH",Middlesex County,MA,16215,2304.0460236572867,117095.0,245031.0,1200300.0,0.0275771912350597,45.9,7.037619836370024,0.830969065117074,"Middlesex County, MA"
915,296.0,296.0,97034,Lake Oswego,"Portland-Vancouver-Hillsboro, OR-WA",Clackamas County,OR,21331,2752.764990570098,101884.0,149236.0,1047500.0,0.0313397016610983,48.6,7.748936096278364,0.6956332353261462,"Clackamas County, OR"
920,297.0,297.0,80238,Denver,"Denver-Aurora-Centennial, CO",Denver County,CO,30575,4501.522332373329,84484.0,180940.0,832200.0,0.0395105702318525,36.0,6.792146687825049,0.6652719665271967,"Denver County, CO"
922,298.0,298.0,07627,Demarest,"New York-Newark-Jersey City, NY-NJ",Bergen County,NJ,4911,2369.665622129775,115608.0,208036.0,1114600.0,0.010792099368764,46.1,2.0724442951517186,0.9021739130434784,"Bergen County, NJ"
929,299.0,299.0,07670,Tenafly,"New York-Newark-Jersey City, NY-NJ",Bergen County,NJ,15319,3340.135225782076,104694.0,208200.0,1002600.0,0.0351831225840267,42.2,4.586341260004865,0.6916974169741698,"Bergen County, NJ"
930,300.0,300.0,77024,Houston,"Houston-Pasadena-The Woodlands, TX",Harris County,TX,38288,2951.8548025716495,114562.0,136149.0,1127500.0,0.0533161994177965,43.5,12.970827686593385,0.5502914679385268,"Harris County, TX"
932,301.0,301.0,02045,Hull,"Boston-Cambridge-Newton, MA-NH",Plymouth County,MA,10138,3791.719289966326,76608.0,115485.0,646000.0,0.0580498417721518,56.1,2.673721134058433,0.6421719767043508,"Plymouth County, MA"
936,302.0,302.0,10968,Piermont,"New York-Newark-Jersey City, NY-NJ",Rockland County,NY,2456,3956.721521129003,95676.0,145000.0,677900.0,0.011400651465798,50.6,0.620715910100039,0.5827974276527331,"Rockland County, NY"
939,303.0,303.0,90293,Playa Del Rey,"Los Angeles-Long Beach-Anaheim, CA",Los Angeles County,CA,12655,4618.474908004117,96823.0,134313.0,997600.0,0.0610280076384468,42.8,2.740082008038641,0.4186696478479597,"Los Angeles County, CA"
945,304.0,304.0,20818,Cabin John,"Washington-Arlington-Alexandria, DC-VA-MD-WV",Montgomery County,MD,1539,1658.0648825875498,159058.0,245982.0,1335100.0,0.0110461338531513,52.7,0.9281904563338084,0.8599695585996956,"Montgomery County, MD"
946,305.0,305.0,91011,La Canada Flintridge,"Los Angeles-Long Beach-Anaheim, CA",Los Angeles County,CA,19935,1770.2392923932114,105500.0,241875.0,2000001.0,0.0349759132878362,44.6,11.261189425441795,0.7842053027080675,"Los Angeles County, CA"
948,306.0,306.0,75214,Dallas,"Dallas-Fort Worth-Arlington, TX",Dallas County,TX,34274,4690.781845789559,95309.0,132313.0,777100.0,0.0775917578879587,39.1,7.306671068228063,0.527358599239719,"Dallas County, TX"
949,307.0,307.0,90210,Beverly Hills,"Los Angeles-Long Beach-Anaheim, CA",Los Angeles County,CA,19004,1768.0869864182148,147098.0,187801.0,2000001.0,0.091559671648074,51.9,10.74833995498052,0.5958451369216242,"Los Angeles County, CA"
957,308.0,308.0,10605,White Plains,"New York-Newark-Jersey City, NY-NJ",Westchester County,NY,19493,3629.2758632588,88198.0,148982.0,787500.0,0.0506486123313866,47.3,5.3710439036444155,0.7113390313390313,"Westchester County, NY"
958,309.0,309.0,94957,Ross,"San Francisco-Oakland-Fremont, CA",Marin County,CA,2321,1634.049321847029,175428.0,250001.0,2000001.0,0.0417923308918569,42.1,1.4203977621535218,0.7838179519595448,"Marin County, CA"
960,310.0,310.0,11753,Jericho,"New York-Newark-Jersey City, NY-NJ",Nassau County,NY,12435,3136.622144097416,79555.0,175781.0,979800.0,0.0740022620778801,43.3,3.964455847319874,0.8218362282878412,"Nassau County, NY"
963,311.0,311.0,92610,Foothill Ranch,"Los Angeles-Long Beach-Anaheim, CA",Orange County,CA,12867,3184.493355358709,76748.0,195046.0,1020500.0,0.0354582294264339,43.2,4.040517144853841,0.7923763179237632,"Orange County, CA"
965,312.0,312.0,11718,Brightwaters,"New York-Newark-Jersey City, NY-NJ",Suffolk County,NY,3179,3391.979132121348,80489.0,218000.0,768600.0,0.0018903591682419,41.8,0.9372109544824496,0.9639468690702088,"Suffolk County, NY"
966,313.0,313.0,98021,Bothell,"Seattle-Tacoma-Bellevue, WA",Snohomish County,WA,35631,3511.818439343324,79080.0,183786.0,967700.0,0.038781163434903,38.1,10.146025660330736,0.782490060029625,"Snohomish County, WA"
970,314.0,314.0,19072,Narberth,"Philadelphia-Camden-Wilmington, PA-NJ-DE-MD",Montgomery County,PA,10129,3187.671285025763,111872.0,172550.0,819700.0,0.0243492032069682,43.9,3.1775547395935893,0.6772582841579664,"Montgomery County, PA"
972,315.0,315.0,06820,Darien,"Bridgeport-Stamford-Danbury, CT",Fairfield County,CT,21936,1733.4830872110035,152454.0,250001.0,1822400.0,0.0576264999771866,40.0,12.654291329310151,0.7769381107491856,"Fairfield County, CT"
975,316.0,316.0,08033,Haddonfield,"Philadelphia-Camden-Wilmington, PA-NJ-DE-MD",Camden County,NJ,17763,4505.897438760342,87188.0,151181.0,635300.0,0.0459445730089744,39.2,3.942166958173584,0.6974116974116974,"Camden County, NJ"
978,317.0,317.0,07423,Ho Ho Kus,"New York-Newark-Jersey City, NY-NJ",Bergen County,NJ,4270,2454.8474840229974,142575.0,250001.0,1092500.0,0.0004683840749414,41.4,1.739415596199213,0.844,"Bergen County, NJ"
990,318.0,318.0,02492,Needham,"Boston-Cambridge-Newton, MA-NH",Norfolk County,MA,21424,2253.8583372611793,102059.0,226645.0,1218800.0,0.0417994014866299,43.2,9.505477627326746,0.8770118025751072,"Norfolk County, MA"
996,319.0,319.0,08402,Margate City,"Atlantic City-Hammonton, NJ",Atlantic County,NJ,5234,3703.8464571264167,85724.0,121800.0,708800.0,0.0634314100114635,57.5,1.413125533303217,0.336338519703359,"Atlantic County, NJ"
1007,320.0,320.0,33306,Fort Lauderdale,"Miami-Fort Lauderdale-West Palm Beach, FL",Broward County,FL,2978,3489.63975181133,117839.0,95542.0,486000.0,0.0959647338080705,54.0,0.8533832176958213,0.5842592592592593,"Broward County, FL"
1008,321.0,321.0,33149,Key Biscayne,"Miami-Fort Lauderdale-West Palm Beach, FL",Miami-Dade County,FL,14791,3141.223937447332,106219.0,181505.0,1575300.0,0.0546954228922993,42.2,4.708674164765115,0.4502051983584131,"Miami-Dade County, FL"
1027,322.0,322.0,34108,Naples,"Naples-Marco Island, FL",Collier County,FL,16237,2071.8523538082154,113220.0,119212.0,1022000.0,0.0641311069882498,67.7,7.836948405206198,0.4730200460072297,"Collier County, FL"
1029,323.0,323.0,90049,Los Angeles,"Los Angeles-Long Beach-Anaheim, CA",Los Angeles County,CA,37122,2479.3741918134574,125951.0,170607.0,2000001.0,0.0600769377677134,40.1,14.972326534079285,0.4743418593474662,"Los Angeles County, CA"
1047,324.0,324.0,94027,Atherton,"San Francisco-Oakland-Fremont, CA",San Mateo County,CA,7002,1392.9370554495422,188761.0,250001.0,2000001.0,0.0528278433809819,49.1,5.0267885204189975,0.7320627802690582,"San Mateo County, CA"
1048,325.0,325.0,22181,Vienna,"Washington-Arlington-Alexandria, DC-VA-MD-WV",Fairfax County,VA,15760,2823.6063377404103,90543.0,211911.0,998300.0,0.0394670050761421,41.5,5.581514600442473,0.8049474995550809,"Fairfax County, VA"
1054,326.0,326.0,20148,Ashburn,"Washington-Arlington-Alexandria, DC-VA-MD-WV",Loudoun County,VA,64021,3301.455882836945,83425.0,233494.0,873700.0,0.0303986996545957,38.7,19.391747844586273,0.8124642925157113,"Loudoun County, VA"
1056,327.0,327.0,66206,Leawood,"Kansas City, MO-KS",Johnson County,KS,12153,3011.0907863122866,84069.0,174394.0,672100.0,0.0259686727122835,43.9,4.0360789037795515,0.8276140492531288,"Johnson County, KS"
1061,328.0,328.0,11721,Centerport,"New York-Newark-Jersey City, NY-NJ",Suffolk County,NY,6426,2561.437899664955,109501.0,197179.0,740300.0,0.0412387177093059,50.2,2.508747138019838,0.9400161030595812,"Suffolk County, NY"
1064,329.0,329.0,34242,Sarasota,"North Port-Bradenton-Sarasota, FL",Sarasota County,FL,7529,2105.75569065964,124612.0,115967.0,1046100.0,0.0636714076831051,65.5,3.5754385152066224,0.3520962732919254,"Sarasota County, FL"
1069,330.0,330.0,22310,Alexandria,"Washington-Arlington-Alexandria, DC-VA-MD-WV",Fairfax County,VA,28136,4172.844135147041,76879.0,166061.0,659700.0,0.0319706312150265,40.2,6.742643407889606,0.7632682837862484,"Fairfax County, VA"
1070,331.0,331.0,07974,New Providence,"New York-Newark-Jersey City, NY-NJ",Union County,NJ,13349,3363.218628036452,86182.0,172894.0,758400.0,0.0199758781848334,45.8,3.96911455256584,0.773851590106007,"Union County, NJ"
1071,332.0,332.0,07649,Oradell,"New York-Newark-Jersey City, NY-NJ",Bergen County,NJ,8235,3414.9131812492824,76943.0,221322.0,737800.0,0.0363213892625657,43.4,2.4114815115116275,0.8764940239043825,"Bergen County, NJ"
1072,333.0,333.0,06807,Cos Cob,"Bridgeport-Stamford-Danbury, CT",Fairfield County,CT,7650,2336.051161645673,111328.0,192115.0,1443200.0,0.0613312410095462,39.4,3.2747570453939976,0.6715452688904017,"Fairfield County, CT"
1077,334.0,334.0,11050,Port Washington,"New York-Newark-Jersey City, NY-NJ",Nassau County,NY,32794,3236.076761377086,86008.0,154225.0,1035400.0,0.044399876581302,43.3,10.133875806470297,0.6412859560067682,"Nassau County, NY"
1080,335.0,335.0,07481,Wyckoff,"New York-Newark-Jersey City, NY-NJ",Bergen County,NJ,17050,2586.260021470501,98916.0,203988.0,925700.0,0.0305883764169615,46.1,6.592531245294383,0.8701776852889387,"Bergen County, NJ"
1083,336.0,336.0,33609,Tampa,"Tampa-St. Petersburg-Clearwater, FL",Hillsborough County,FL,18535,4636.042075211606,86989.0,115844.0,605600.0,0.0856556491682868,39.6,3.998022386186819,0.5882914412981228,"Hillsborough County, FL"
1087,337.0,337.0,94566,Pleasanton,"San Francisco-Oakland-Fremont, CA",Alameda County,CA,44222,2176.162789831625,92363.0,191155.0,1656900.0,0.046353396290818,45.1,20.3210900428187,0.672506577373834,"Alameda County, CA"
1090,338.0,338.0,60126,Elmhurst,"Chicago-Naperville-Elgin, IL-IN",DuPage County,IL,47516,4240.398649822724,77520.0,147566.0,540300.0,0.0333767361111111,42.4,11.205550214479592,0.7638926246705041,"DuPage County, IL"
1093,339.0,339.0,94555,Fremont,"San Francisco-Oakland-Fremont, CA",Alameda County,CA,37501,2706.6027085139376,82787.0,219938.0,1376600.0,0.0461102799743535,38.9,13.855376661685952,0.6975799767942981,"Alameda County, CA"
1094,340.0,340.0,33606,Tampa,"Tampa-St. Petersburg-Clearwater, FL",Hillsborough County,FL,24570,7499.552968759078,85611.0,120729.0,845600.0,0.071578615691629,28.1,3.276195274885231,0.3804138172891461,"Hillsborough County, FL"
1102,341.0,341.0,32789,Winter Park,"Orlando-Kissimmee-Sanford, FL",Orange County,FL,27788,3562.25446277653,87213.0,106671.0,791400.0,0.0894029504904611,43.6,7.800677994895733,0.5877153218495014,"Orange County, FL"
1104,342.0,342.0,07762,Spring Lake,"New York-Newark-Jersey City, NY-NJ",Monmouth County,NJ,8262,2928.58985886764,92288.0,116295.0,927700.0,0.041515371580731,55.9,2.821152977424623,0.5319107662463628,"Monmouth County, NJ"
1108,343.0,343.0,94507,Alamo,"San Francisco-Oakland-Fremont, CA",Contra Costa County,CA,14586,1302.533818558655,141743.0,250001.0,2000001.0,0.0204179843255877,49.5,11.19817373812254,0.8764738910724312,"Contra Costa County, CA"
1113,344.0,344.0,07739,Little Silver,"New York-Newark-Jersey City, NY-NJ",Monmouth County,NJ,6105,2260.08044839442,109370.0,240853.0,955900.0,0.0117936117936117,46.1,2.701231278885247,0.947829899167032,"Monmouth County, NJ"
1126,345.0,345.0,55436,Minneapolis,"Minneapolis-St. Paul-Bloomington, MN-WI",Hennepin County,MN,14462,3082.2907912037235,102973.0,144129.0,643400.0,0.0393804695096541,47.2,4.691964833841057,0.7267725200440183,"Hennepin County, MN"
1127,346.0,346.0,07676,Township Of Washington,"New York-Newark-Jersey City, NY-NJ",Bergen County,NJ,9323,3156.73106989055,80608.0,180133.0,664000.0,0.0322857449318888,45.3,2.953371634639516,0.9669768838186732,"Bergen County, NJ"
1131,347.0,347.0,94506,Danville,"San Francisco-Oakland-Fremont, CA",Contra Costa County,CA,27055,1450.2304733016365,117571.0,250001.0,1956800.0,0.0490123273429377,45.3,18.655655427241033,0.856840321897501,"Contra Costa County, CA"
1139,348.0,348.0,91024,Sierra Madre,"Los Angeles-Long Beach-Anaheim, CA",Los Angeles County,CA,10940,3130.526647243463,85992.0,143547.0,1226800.0,0.04585132775889,44.8,3.4946196703462173,0.5181836447659233,"Los Angeles County, CA"
1149,349.0,349.0,10502,Ardsley,"New York-Newark-Jersey City, NY-NJ",Westchester County,NY,6197,2973.776573333674,103057.0,250001.0,845700.0,0.0391806210372297,41.7,2.083882177151263,0.7921321029626032,"Westchester County, NY"
1154,350.0,350.0,30305,Atlanta,"Atlanta-Sandy Springs-Roswell, GA",Fulton County,GA,28110,4327.351381404423,113122.0,106907.0,737500.0,0.0683401565754506,38.0,6.495890331622902,0.4395665155368793,"Fulton County, GA"
1156,351.0,351.0,11509,Atlantic Beach,"New York-Newark-Jersey City, NY-NJ",Nassau County,NY,1790,2129.606052824871,114121.0,168537.0,994800.0,0.0212290502793296,60.9,0.8405310445214074,0.5964163822525598,"Nassau County, NY"
1157,352.0,352.0,66209,Leawood,"Kansas City, MO-KS",Johnson County,KS,20413,3166.779107528301,88192.0,143393.0,598200.0,0.0422781271837875,46.4,6.445981644716775,0.6742764902571198,"Johnson County, KS"
1159,353.0,353.0,21140,Riva,"Baltimore-Columbia-Towson, MD",Anne Arundel County,MD,4417,3118.14792413951,75559.0,170156.0,634700.0,0.0129369042215161,43.6,1.416546009830154,0.965946299934512,"Anne Arundel County, MD"
1161,354.0,354.0,80230,Denver,"Denver-Aurora-Centennial, CO",Denver County,CO,10449,3793.04530621461,88410.0,99750.0,829000.0,0.0866080911460847,45.7,2.754778589878726,0.4555092109836635,"Denver County, CO"
1165,355.0,355.0,75219,Dallas,"Dallas-Fort Worth-Arlington, TX",Dallas County,TX,23934,10444.136229576558,95674.0,102364.0,388600.0,0.0704160375775876,32.8,2.2916208170687917,0.2914130086510734,"Dallas County, TX"
1172,356.0,356.0,98005,Bellevue,"Seattle-Tacoma-Bellevue, WA",King County,WA,21846,2977.0303874190995,101557.0,160849.0,1519500.0,0.0892595307917888,37.4,7.33818508951772,0.4847464759099516,"King County, WA"
1173,357.0,357.0,93921,Carmel By The Sea,"Salinas, CA",Monterey County,CA,2322,2439.0929218345,81159.0,96923.0,2000001.0,0.084160552438498,69.2,0.9519932509391928,0.2330480579328505,"Monterey County, CA"
1177,358.0,358.0,08750,Sea Girt,"New York-Newark-Jersey City, NY-NJ",Monmouth County,NJ,3483,1833.108351076606,115619.0,134167.0,1356700.0,0.0347501435956346,57.7,1.90005135154962,0.635427394438723,"Monmouth County, NJ"
1179,359.0,359.0,60026,Glenview,"Chicago-Naperville-Elgin, IL-IN",Cook County,IL,14069,3451.4699264194255,77981.0,137778.0,694200.0,0.074597364568082,46.9,4.076234271174792,0.6468941382327209,"Cook County, IL"
1188,360.0,360.0,77007,Houston,"Houston-Pasadena-The Woodlands, TX",Harris County,TX,47808,6368.449861374801,106641.0,144911.0,549100.0,0.0506707967935703,33.1,7.507007362962791,0.4233334535097523,"Harris County, TX"
1190,361.0,361.0,08736,Manasquan,"New York-Newark-Jersey City, NY-NJ",Monmouth County,NJ,13223,2804.171852998654,86930.0,174097.0,880900.0,0.0367541405127429,46.9,4.715474191020043,0.759046052631579,"Monmouth County, NJ"
1192,362.0,362.0,22307,Alexandria,"Washington-Arlington-Alexandria, DC-VA-MD-WV",Fairfax County,VA,10343,3321.388443845561,86845.0,141667.0,778900.0,0.036014054265079,43.0,3.1140591276414193,0.6983995011432135,"Fairfax County, VA"
1195,363.0,363.0,20852,Rockville,"Washington-Arlington-Alexandria, DC-VA-MD-WV",Montgomery County,MD,48180,5967.0405786549545,75905.0,122472.0,665200.0,0.0681425985942169,38.5,8.074354341136452,0.4067321782604948,"Montgomery County, MD"
1210,364.0,364.0,02462,Newton Lower Falls,"Boston-Cambridge-Newton, MA-NH",Middlesex County,MA,1470,2104.790070248393,86780.0,216339.0,1210700.0,0.0664605873261205,50.7,0.6984069436561531,0.7262135922330097,"Middlesex County, MA"
1212,365.0,365.0,96821,Honolulu,"Urban Honolulu, HI",Honolulu County,HI,20053,1733.1636202111229,79943.0,174938.0,1563300.0,0.061236863379143,50.7,11.570171313402756,0.7919271541179669,"Honolulu County, HI"
1213,366.0,366.0,08730,Brielle,"New York-Newark-Jersey City, NY-NJ",Monmouth County,NJ,4956,2823.106479535652,84616.0,172250.0,849100.0,0.0127118644067796,45.2,1.7555129556484774,0.8060889929742389,"Monmouth County, NJ"
1227,367.0,367.0,07640,Harrington Park,"New York-Newark-Jersey City, NY-NJ",Bergen County,NJ,4954,2684.2750247856115,83739.0,180500.0,776900.0,0.0682276947920872,46.9,1.845563496384156,0.8971397139713971,"Bergen County, NJ"
1230,368.0,368.0,94549,Lafayette,"San Francisco-Oakland-Fremont, CA",Contra Costa County,CA,28420,1432.0538674317722,122213.0,234516.0,2000001.0,0.0302506177197317,46.3,19.84562218386944,0.7619607488468844,"Contra Costa County, CA"
1238,369.0,369.0,97239,Portland,"Portland-Vancouver-Hillsboro, OR-WA",Multnomah County,OR,17804,4965.214130475044,75560.0,110134.0,772700.0,0.0872143227217776,39.3,3.5857466631145294,0.4132106008496864,"Multnomah County, OR"
1240,370.0,370.0,33158,Miami,"Miami-Fort Lauderdale-West Palm Beach, FL",Miami-Dade County,FL,5960,2139.8982974625933,98862.0,201597.0,1026600.0,0.0169690860215053,46.7,2.785179093355573,0.8907407407407407,"Miami-Dade County, FL"
1242,371.0,371.0,78731,Austin,"Austin-Round Rock-San Marcos, TX",Travis County,TX,27507,3145.174257259382,94483.0,105494.0,903200.0,0.0598393574297188,42.3,8.74577932733331,0.5025390753808613,"Travis County, TX"
1243,372.0,372.0,30319,Atlanta,"Atlanta-Sandy Springs-Roswell, GA",DeKalb County,GA,45985,4461.334116590729,86932.0,130648.0,762500.0,0.0839711641153435,35.4,10.307454855038053,0.499298547314115,"DeKalb County, GA"
1245,373.0,373.0,94596,Walnut Creek,"San Francisco-Oakland-Fremont, CA",Contra Costa County,CA,23417,3862.642310348082,88540.0,135635.0,1277800.0,0.0649734452629775,37.1,6.062430356873965,0.4184626123374924,"Contra Costa County, CA"
1248,374.0,374.0,10530,Hartsdale,"New York-Newark-Jersey City, NY-NJ",Westchester County,NY,13892,3548.963528180662,75107.0,121722.0,464900.0,0.0626349892008639,52.3,3.914382294912336,0.8176531981511853,"Westchester County, NY"
1249,375.0,375.0,02421,Lexington,"Boston-Cambridge-Newton, MA-NH",Middlesex County,MA,18080,1889.5301864096,112662.0,227813.0,1205700.0,0.0635638149450304,48.2,9.568516094656736,0.7503983775170215,"Middlesex County, MA"
1250,376.0,376.0,85251,Scottsdale,"Phoenix-Mesa-Chandler, AZ",Maricopa County,AZ,40780,5645.116261991419,85871.0,92851.0,554400.0,0.0881563245823389,38.5,7.223943335688555,0.4038098117771562,"Maricopa County, AZ"
1251,377.0,377.0,95030,Los Gatos,"San Jose-Sunnyvale-Santa Clara, CA",Santa Clara County,CA,13151,1247.2337068936065,153418.0,250001.0,2000001.0,0.0602317779810918,51.6,10.544134533337967,0.6933356176117869,"Santa Clara County, CA"
1259,378.0,378.0,98052,Redmond,"Seattle-Tacoma-Bellevue, WA",King County,WA,80717,3984.236174716544,93065.0,163460.0,1180600.0,0.0553750389044506,35.2,20.25909018953741,0.4226798432065367,"King County, WA"
1260,379.0,379.0,20171,Herndon,"Washington-Arlington-Alexandria, DC-VA-MD-WV",Fairfax County,VA,51286,4414.610375822188,77217.0,171372.0,797200.0,0.035530018761726,36.2,11.617333271557031,0.5469130787977254,"Fairfax County, VA"
1265,380.0,380.0,10528,Harrison,"New York-Newark-Jersey City, NY-NJ",Westchester County,NY,14091,3728.896885368108,83781.0,154416.0,937500.0,0.0504052324754727,40.2,3.7788655554654658,0.5209829867674858,"Westchester County, NY"
1269,381.0,381.0,20190,Reston,"Washington-Arlington-Alexandria, DC-VA-MD-WV",Fairfax County,VA,22012,5044.91864450275,86420.0,134746.0,581400.0,0.0720531973036983,40.5,4.36320217452577,0.449983383183782,"Fairfax County, VA"
1276,382.0,382.0,07940,Madison,"New York-Newark-Jersey City, NY-NJ",Morris County,NJ,17610,3584.4488128023045,87285.0,172708.0,940900.0,0.032119914346895,35.3,4.91288923895459,0.6214776632302406,"Morris County, NJ"
1284,383.0,383.0,92109,San Diego,"San Diego-Chula Vista-Carlsbad, CA",San Diego County,CA,44820,5890.417438298542,81571.0,122128.0,1226900.0,0.086893312458063,33.4,7.608968374395268,0.2637633525061627,"San Diego County, CA"
1287,384.0,384.0,80121,Littleton,"Denver-Aurora-Centennial, CO",Arapahoe County,CO,18029,2499.792002752104,93252.0,142056.0,707900.0,0.0397231756034434,47.8,7.212200047104429,0.8444711217820462,"Arapahoe County, CO"
1293,385.0,385.0,92118,Coronado,"San Diego-Chula Vista-Carlsbad, CA",San Diego County,CA,18929,2461.4508741538657,83695.0,134534.0,2000001.0,0.0473956167963413,42.3,7.6901798848644205,0.4032942603071948,"San Diego County, CA"
1296,386.0,386.0,97221,Portland,"Portland-Vancouver-Hillsboro, OR-WA",Multnomah County,OR,12915,2931.60134428847,87696.0,145671.0,821400.0,0.0666301284058878,42.9,4.405442105954077,0.6715367965367965,"Multnomah County, OR"
1298,387.0,387.0,45208,Cincinnati,"Cincinnati, OH-KY-IN",Hamilton County,OH,17943,4160.725406678979,93642.0,137600.0,547200.0,0.0433828494260634,37.4,4.312469160112587,0.5831394704774565,"Hamilton County, OH"
1302,388.0,388.0,66208,Prairie Village,"Kansas City, MO-KS",Johnson County,KS,21576,3319.0936144288708,95718.0,124000.0,445600.0,0.0484571105029725,41.6,6.500569886370218,0.7885001585456083,"Johnson County, KS"
1303,389.0,389.0,90245,El Segundo,"Los Angeles-Long Beach-Anaheim, CA",Los Angeles County,CA,16769,3135.6868350664913,81385.0,150737.0,1587500.0,0.0526724859500179,39.3,5.347791690315407,0.4008112561794904,"Los Angeles County, CA"
1307,390.0,390.0,80111,Englewood,"Denver-Aurora-Centennial, CO",Arapahoe County,CO,31561,2897.2808731879254,89894.0,135995.0,916500.0,0.0287420560150736,42.7,10.893317348715632,0.6072147168726646,"Arapahoe County, CO"
1310,391.0,391.0,22202,Arlington,"Washington-Arlington-Alexandria, DC-VA-MD-WV",Arlington County,VA,27715,7067.390776105181,99342.0,133762.0,899000.0,0.0847328244274809,35.2,3.9215321294676815,0.1833369494467346,"Arlington County, VA"
1320,392.0,392.0,33477,Jupiter,"Miami-Fort Lauderdale-West Palm Beach, FL",Palm Beach County,FL,12908,2082.9438826917903,106827.0,104992.0,670800.0,0.0794897721085789,68.2,6.196998444009436,0.5612522686025408,"Palm Beach County, FL"
1337,393.0,393.0,98029,Issaquah,"Seattle-Tacoma-Bellevue, WA",King County,WA,30586,3006.4223519599286,97208.0,170759.0,1063200.0,0.0491196776005021,37.2,10.17355395194576,0.592909919823927,"King County, WA"
1348,394.0,394.0,21403,Annapolis,"Baltimore-Columbia-Towson, MD",Anne Arundel County,MD,32681,3526.391178766761,78015.0,123329.0,582500.0,0.0581661006483482,45.3,9.267548137251495,0.641849935316947,"Anne Arundel County, MD"
1349,395.0,395.0,77382,Spring,"Houston-Pasadena-The Woodlands, TX",Montgomery County,TX,38986,3248.0864168838016,78158.0,162384.0,566500.0,0.0506237942122186,41.6,12.002759470113784,0.7908849165312454,"Montgomery County, TX"
1351,396.0,396.0,95054,Santa Clara,"San Jose-Sunnyvale-Santa Clara, CA",Santa Clara County,CA,25704,4001.759258964271,97874.0,207895.0,1493100.0,0.0521431380259536,34.2,6.423174992953641,0.3090026646364675,"Santa Clara County, CA"
1357,397.0,397.0,06890,Southport,"Bridgeport-Stamford-Danbury, CT",Fairfield County,CT,4653,1607.0035666523409,143002.0,218841.0,1212500.0,0.0290837524600918,44.7,2.8954509476870567,0.8073919833420093,"Fairfield County, CT"
1360,398.0,398.0,95070,Saratoga,"San Jose-Sunnyvale-Santa Clara, CA",Santa Clara County,CA,31417,1109.2933687950365,125238.0,250001.0,2000001.0,0.034182563052106,51.6,28.321633288159415,0.8159333725919071,"Santa Clara County, CA"
1364,399.0,399.0,06830,Greenwich,"Bridgeport-Stamford-Danbury, CT",Fairfield County,CT,24880,1837.8408520852577,137502.0,146654.0,1660700.0,0.0858172687510124,43.6,13.537624855694425,0.4983044633855742,"Fairfield County, CT"
1371,400.0,400.0,97225,Portland,"Portland-Vancouver-Hillsboro, OR-WA",Washington County,OR,25869,3888.5023742919498,77774.0,114598.0,751700.0,0.0663118638800404,39.7,6.652689778725015,0.5234035576686613,"Washington County, OR"
1377,401.0,401.0,33156,Miami,"Miami-Fort Lauderdale-West Palm Beach, FL",Miami-Dade County,FL,33628,2424.364008569542,90840.0,137076.0,1120100.0,0.0631764109597209,42.4,13.870854327622888,0.6775761257498671,"Miami-Dade County, FL"
1379,402.0,402.0,91377,Oak Park,"Oxnard-Thousand Oaks-Ventura, CA",Ventura County,CA,13757,2550.14493540915,77528.0,163085.0,1036900.0,0.0419713366481427,43.0,5.394595345927977,0.6845349271572656,"Ventura County, CA"
1381,403.0,403.0,10607,White Plains,"New York-Newark-Jersey City, NY-NJ",Westchester County,NY,6466,3020.181886744951,79048.0,168603.0,673200.0,0.059990699116416,45.6,2.140930659963938,0.7772297575010275,"Westchester County, NY"
1383,404.0,404.0,22182,Vienna,"Washington-Arlington-Alexandria, DC-VA-MD-WV",Fairfax County,VA,27783,2223.8787825424615,95156.0,205108.0,1125900.0,0.0441054191822421,42.5,12.493037038753044,0.6936103180072856,"Fairfax County, VA"
1393,405.0,405.0,95032,Los Gatos,"San Jose-Sunnyvale-Santa Clara, CA",Santa Clara County,CA,27313,1463.1977299588798,121898.0,203727.0,2000001.0,0.0415707816791626,44.0,18.666650064285964,0.6236549334306036,"Santa Clara County, CA"
1398,406.0,406.0,37350,Lookout Mountain,"Chattanooga, TN-GA",Hamilton County,TN,2111,1571.8565751414965,114762.0,201000.0,855300.0,0.0227380388441496,49.2,1.342997849412546,0.8870779976717112,"Hamilton County, TN"
1404,407.0,407.0,75093,Plano,"Dallas-Fort Worth-Arlington, TX",Collin County,TX,47954,3357.235237670983,85027.0,124563.0,670500.0,0.0476610953432145,43.3,14.28377715744076,0.5660923631876216,"Collin County, TX"
1408,408.0,408.0,75204,Dallas,"Dallas-Fort Worth-Arlington, TX",Dallas County,TX,34666,13545.87511486927,82520.0,92253.0,479500.0,0.0923774849745723,30.6,2.5591554407545973,0.1635985142250704,"Dallas County, TX"
1409,409.0,409.0,35213,Birmingham,"Birmingham, AL",Jefferson County,AL,15603,2468.889868083093,111900.0,159824.0,789800.0,0.024621697871249,36.5,6.319844478164009,0.7289043276885222,"Jefferson County, AL"
1410,410.0,410.0,30338,Atlanta,"Atlanta-Sandy Springs-Roswell, GA",DeKalb County,GA,39465,4012.114592250925,78647.0,135148.0,611300.0,0.0443992887985775,38.2,9.836458828026364,0.574672390420244,"DeKalb County, GA"
1412,411.0,411.0,07039,Livingston,"New York-Newark-Jersey City, NY-NJ",Essex County,NJ,31488,2286.32843659222,100851.0,229806.0,821100.0,0.0229432658154939,44.3,13.772299506947904,0.8686793158239088,"Essex County, NJ"
1417,412.0,412.0,94022,Los Altos,"San Jose-Sunnyvale-Santa Clara, CA",Santa Clara County,CA,20027,1132.1784702798766,152520.0,250001.0,2000001.0,0.04807595699789,48.5,17.68890729307835,0.7298624754420432,"Santa Clara County, CA"
1419,413.0,413.0,19127,Philadelphia,"Philadelphia-Camden-Wilmington, PA-NJ-DE-MD",Philadelphia County,PA,5664,9924.219481900618,77295.0,102106.0,352500.0,0.0861886259272342,30.6,0.5707249834941448,0.4082207207207207,"Philadelphia County, PA"
1421,414.0,414.0,07922,Berkeley Heights,"New York-Newark-Jersey City, NY-NJ",Union County,NJ,12195,2185.022015262467,97117.0,202944.0,785300.0,0.0207340523367611,47.2,5.581179464013375,0.9107221976074436,"Union County, NJ"
1424,415.0,415.0,76034,Colleyville,"Dallas-Fort Worth-Arlington, TX",Tarrant County,TX,26103,1997.101202221886,97200.0,217914.0,782300.0,0.0249836896035614,46.5,13.070444287429682,0.9333544906378928,"Tarrant County, TX"
1425,416.0,416.0,06880,Westport,"Bridgeport-Stamford-Danbury, CT",Fairfield County,CT,27583,1378.075602353657,134241.0,250001.0,1402100.0,0.0316735469258028,45.4,20.015592724296233,0.837801350048216,"Fairfield County, CT"
1433,417.0,417.0,07928,Chatham,"New York-Newark-Jersey City, NY-NJ",Morris County,NJ,19974,2158.0413883726605,108065.0,220982.0,1024100.0,0.0211342021838675,39.8,9.255614886543963,0.8138659719206832,"Morris County, NJ"
1436,418.0,418.0,33487,Boca Raton,"Miami-Fort Lauderdale-West Palm Beach, FL",Palm Beach County,FL,20717,3089.4590598828586,80560.0,96066.0,632100.0,0.0692501942501942,55.0,6.705704655230329,0.5273426167682043,"Palm Beach County, FL"
1439,419.0,419.0,19041,Haverford,"Philadelphia-Camden-Wilmington, PA-NJ-DE-MD",Montgomery County,PA,6308,1920.676772395846,111985.0,151989.0,954000.0,0.048509535271246,51.0,3.28425901258306,0.6247086247086248,"Montgomery County, PA"
1449,420.0,420.0,92127,San Diego,"San Diego-Chula Vista-Carlsbad, CA",San Diego County,CA,50555,2229.604651424152,81105.0,195520.0,1232300.0,0.0422238140719516,39.0,22.674423453372405,0.7097552365262415,"San Diego County, CA"
1450,421.0,421.0,19118,Philadelphia,"Philadelphia-Camden-Wilmington, PA-NJ-DE-MD",Philadelphia County,PA,9978,3113.213631106356,89168.0,109649.0,718300.0,0.0703727506426735,46.6,3.205048282039699,0.4702487562189055,"Philadelphia County, PA"
1456,422.0,422.0,23221,Richmond,"Richmond, VA",Richmond city,VA,14402,4361.328737189537,85364.0,99816.0,582000.0,0.0638668338208664,36.9,3.302204641716763,0.4944001991040319,"Richmond city, VA"
1462,423.0,423.0,03854,New Castle,"Boston-Cambridge-Newton, MA-NH",Rockingham County,NH,827,1022.8149210369488,125291.0,176953.0,1701300.0,0.0459492140266021,62.8,0.8085529287757868,0.8004291845493562,"Rockingham County, NH"
1466,424.0,424.0,07624,Closter,"New York-Newark-Jersey City, NY-NJ",Bergen County,NJ,8606,2723.2165506227084,79250.0,190469.0,871300.0,0.0807832102239418,39.8,3.160233437194738,0.76287932251235,"Bergen County, NJ"
1467,425.0,425.0,30342,Atlanta,"Atlanta-Sandy Springs-Roswell, GA",Fulton County,GA,33349,3716.279249804771,95856.0,124111.0,829400.0,0.0838181818181818,34.1,8.97376051644987,0.4952924930956565,"Fulton County, GA"
1469,426.0,426.0,90077,Los Angeles,"Los Angeles-Long Beach-Anaheim, CA",Los Angeles County,CA,8386,1154.8354229787285,143204.0,206319.0,2000001.0,0.0716004813477737,46.9,7.261640778535824,0.7538010136036276,"Los Angeles County, CA"
1470,427.0,427.0,33408,North Palm Beach,"Miami-Fort Lauderdale-West Palm Beach, FL",Palm Beach County,FL,18817,2766.321259284201,81508.0,92216.0,611400.0,0.0834002462394946,59.8,6.802174525770369,0.5368672183702379,"Palm Beach County, FL"
1491,428.0,428.0,11797,Woodbury,"New York-Newark-Jersey City, NY-NJ",Nassau County,NY,9402,1845.103252222625,93865.0,192609.0,1007000.0,0.0539708841282992,48.9,5.0956497901536295,0.8549382716049383,"Nassau County, NY"
1498,429.0,429.0,66224,Overland Park,"Kansas City, MO-KS",Johnson County,KS,12683,1902.2476191678495,106298.0,188004.0,652300.0,0.0373728613104155,47.5,6.667375935814424,0.8623188405797102,"Johnson County, KS"
1502,430.0,430.0,32250,Jacksonville Beach,"Jacksonville, FL",Duval County,FL,29072,3246.8923136736053,76037.0,117724.0,582400.0,0.0579121070001737,45.6,8.953792485685273,0.5837939780191195,"Duval County, FL"
1503,431.0,431.0,11791,Syosset,"New York-Newark-Jersey City, NY-NJ",Nassau County,NY,25520,2039.4707528154113,88245.0,202962.0,937700.0,0.0413847364280094,43.2,12.513050243437233,0.9111992309540976,"Nassau County, NY"
1505,432.0,432.0,19025,Dresher,"Philadelphia-Camden-Wilmington, PA-NJ-DE-MD",Montgomery County,PA,7423,2301.217162268433,116041.0,188490.0,635700.0,0.0282470604135694,45.5,3.2256842690512317,0.7436357117246325,"Montgomery County, PA"
1529,433.0,433.0,07675,Westwood,"New York-Newark-Jersey City, NY-NJ",Bergen County,NJ,27349,2835.8633667660843,77374.0,183154.0,719400.0,0.0411898474178403,43.1,9.643976617670338,0.7707247265664929,"Bergen County, NJ"
1532,434.0,434.0,77094,Houston,"Houston-Pasadena-The Woodlands, TX",Harris County,TX,10395,3031.0341968396256,77175.0,139932.0,477500.0,0.0684944684944685,46.7,3.4295225078089104,0.7298143592037576,"Harris County, TX"
1533,435.0,435.0,01950,Newburyport,"Boston-Cambridge-Newton, MA-NH",Essex County,MA,18652,2233.71683531038,83895.0,139625.0,834000.0,0.0500381139061308,49.8,8.350207915860679,0.7208955223880597,"Essex County, MA"
1539,436.0,436.0,20854,Potomac,"Washington-Arlington-Alexandria, DC-VA-MD-WV",Montgomery County,MD,50498,1491.943576791647,114794.0,250001.0,1165400.0,0.0259545645267637,47.7,33.84712450627222,0.8654035006643175,"Montgomery County, MD"
1552,437.0,437.0,85253,Paradise Valley,"Phoenix-Mesa-Chandler, AZ",Maricopa County,AZ,17904,988.936666585626,142712.0,184979.0,2000001.0,0.0524473550499633,51.9,18.10429383897235,0.7061523330783521,"Maricopa County, AZ"
1555,438.0,438.0,60564,Naperville,"Chicago-Naperville-Elgin, IL-IN",Will County,IL,47016,2934.9782957468533,76839.0,181382.0,572100.0,0.0513433855879714,41.0,16.019198529724054,0.8568101017530955,"Will County, IL"
1557,439.0,439.0,85284,Tempe,"Phoenix-Mesa-Chandler, AZ",Maricopa County,AZ,19492,2491.8022283142272,76201.0,156146.0,688400.0,0.0275720164609053,45.5,7.822450665832687,0.8008895866038723,"Maricopa County, AZ"
1558,440.0,440.0,07021,Essex Fells,"New York-Newark-Jersey City, NY-NJ",Essex County,NJ,2361,1676.4755574551757,114165.0,250001.0,1083000.0,0.0088945362134688,43.7,1.408311615102761,0.8972772277227723,"Essex County, NJ"
1574,441.0,441.0,92603,Irvine,"Los Angeles-Long Beach-Anaheim, CA",Orange County,CA,18387,1841.1388430622424,91080.0,173094.0,1931700.0,0.0746976135992154,41.1,9.986753616809333,0.5066084948030284,"Orange County, CA"
1591,442.0,442.0,22124,Oakton,"Washington-Arlington-Alexandria, DC-VA-MD-WV",Fairfax County,VA,18091,1751.8764593359326,108401.0,218380.0,998400.0,0.0270524452312458,43.9,10.32664141560392,0.859257109692397,"Fairfax County, VA"
1601,443.0,443.0,48301,Bloomfield Hills,"Detroit-Warren-Dearborn, MI",Oakland County,MI,14682,1995.8521831369212,93684.0,167143.0,708300.0,0.0520918785890073,48.2,7.356256201761397,0.8292479573119893,"Oakland County, MI"
1607,444.0,444.0,60035,Highland Park,"Chicago-Naperville-Elgin, IL-IN",Lake County,IL,30398,2399.854028989547,98275.0,168094.0,607300.0,0.0417330148619957,45.0,12.66660373206074,0.7907591287636131,"Lake County, IL"
1627,445.0,445.0,37205,Nashville,"Nashville-Davidson--Murfreesboro--Franklin, TN",Davidson County,TN,24823,1740.2043321670765,107106.0,139152.0,953300.0,0.0660688811901365,48.7,14.264416851030314,0.6304089866308046,"Davidson County, TN"
1633,446.0,446.0,60540,Naperville,"Chicago-Naperville-Elgin, IL-IN",DuPage County,IL,42252,3196.1395437924007,77790.0,157102.0,550600.0,0.0367199158450962,41.5,13.219698145552686,0.7071243363378195,"DuPage County, IL"
1641,447.0,447.0,07076,Scotch Plains,"New York-Newark-Jersey City, NY-NJ",Union County,NJ,24843,2761.8108071101374,75070.0,183655.0,718200.0,0.0249898908208653,42.3,8.99518530959579,0.7653846153846153,"Union County, NJ"
1646,448.0,448.0,28211,Charlotte,"Charlotte-Concord-Gastonia, NC-SC",Mecklenburg County,NC,33925,3097.603427178192,92261.0,132917.0,774900.0,0.0895037826889855,38.4,10.952015258746172,0.4852622595680431,"Mecklenburg County, NC"
1650,449.0,449.0,07446,Ramsey,"New York-Newark-Jersey City, NY-NJ",Bergen County,NJ,14805,2692.253442163329,82081.0,160996.0,697300.0,0.0430935494765282,41.8,5.499110807377635,0.7921173235563703,"Bergen County, NJ"
1655,450.0,450.0,30327,Atlanta,"Atlanta-Sandy Springs-Roswell, GA",Fulton County,GA,23673,1355.0506525954772,145112.0,189250.0,1136500.0,0.0362125259720985,46.1,17.470195637820996,0.7420102346239259,"Fulton County, GA"
1667,451.0,451.0,94583,San Ramon,"San Francisco-Oakland-Fremont, CA",Contra Costa County,CA,39583,1863.956469672146,79629.0,184898.0,1383600.0,0.0360709759188846,40.8,21.236010949849227,0.6980132450331126,"Contra Costa County, CA"
1673,452.0,452.0,07046,Mountain Lakes,"New York-Newark-Jersey City, NY-NJ",Morris County,NJ,4585,1722.4075129668952,116093.0,250001.0,917000.0,0.0126499454743729,43.4,2.6619716678442775,0.9296246648793566,"Morris County, NJ"
1696,453.0,453.0,33715,Saint Petersburg,"Tampa-St. Petersburg-Clearwater, FL",Pinellas County,FL,8032,2115.927635656191,77885.0,102782.0,622900.0,0.0532868525896414,62.9,3.795971026915162,0.5297779035224218,"Pinellas County, FL"
1697,454.0,454.0,28209,Charlotte,"Charlotte-Concord-Gastonia, NC-SC",Mecklenburg County,NC,24331,4431.184334867538,86125.0,101873.0,623000.0,0.0671601891836315,33.7,5.490857107556399,0.4400774582227641,"Mecklenburg County, NC"
1700,455.0,455.0,07711,Allenhurst,"New York-Newark-Jersey City, NY-NJ",Monmouth County,NJ,1641,2536.5175513877466,91213.0,112404.0,1151400.0,0.0347349177330895,40.1,0.6469499882238927,0.5032967032967033,"Monmouth County, NJ"
1708,456.0,456.0,08738,Mantoloking,"New York-Newark-Jersey City, NY-NJ",Ocean County,NJ,1381,1417.0753767251506,153702.0,250001.0,1493200.0,0.0247093023255813,58.6,0.974542372750474,0.3302107728337236,"Ocean County, NJ"
1709,457.0,457.0,76248,Keller,"Dallas-Fort Worth-Arlington, TX",Tarrant County,TX,40936,2584.975390226484,76972.0,171804.0,576600.0,0.0384369309513263,44.7,15.836127552616034,0.8025975747134053,"Tarrant County, TX"
1711,458.0,458.0,06107,West Hartford,"Hartford-West Hartford-East Hartford, CT",Hartford County,CT,19891,2989.415670175262,86269.0,174844.0,474700.0,0.0353006907761072,41.7,6.6538087019641,0.7832451716078238,"Hartford County, CT"
1714,459.0,459.0,01760,Natick,"Boston-Cambridge-Newton, MA-NH",Middlesex County,MA,36782,2488.5017254550144,80342.0,138563.0,821300.0,0.0579436179830689,43.2,14.780781392978351,0.659952983035771,"Middlesex County, MA"
1721,460.0,460.0,95120,San Jose,"San Jose-Sunnyvale-Santa Clara, CA",Santa Clara County,CA,36967,940.6094720464858,112522.0,250001.0,2000001.0,0.0219691025675712,47.5,39.30111390391469,0.8686541868885294,"Santa Clara County, CA"
1726,461.0,461.0,10533,Irvington,"New York-Newark-Jersey City, NY-NJ",Westchester County,NY,7362,2070.4811843354723,107875.0,174038.0,874400.0,0.0144237311198802,43.4,3.5556951957343466,0.7332425995236475,"Westchester County, NY"
1737,462.0,462.0,66221,Overland Park,"Kansas City, MO-KS",Johnson County,KS,25550,2105.947288500251,81676.0,190000.0,711300.0,0.0295361955499843,39.6,12.132307460646569,0.836271186440678,"Johnson County, KS"
1751,463.0,463.0,60062,Northbrook,"Chicago-Naperville-Elgin, IL-IN",Cook County,IL,41406,2190.3245398227314,83574.0,143323.0,632500.0,0.0496436410269057,49.5,18.904047892076804,0.7593191489361703,"Cook County, IL"
1756,464.0,464.0,78739,Austin,"Austin-Round Rock-San Marcos, TX",Travis County,TX,20659,1782.7856012415452,90618.0,238559.0,808600.0,0.0266602035870092,41.1,11.588045127587366,0.9158774373259052,"Travis County, TX"
1764,465.0,465.0,94563,Orinda,"San Francisco-Oakland-Fremont, CA",Contra Costa County,CA,19378,944.2169436478374,140701.0,250001.0,1866500.0,0.0217683557394002,47.4,20.522825956856977,0.8876752966558792,"Contra Costa County, CA"
1768,466.0,466.0,23226,Richmond,"Richmond, VA",Richmond city,VA,15477,2749.7880979890565,88614.0,126655.0,530900.0,0.0542757760714051,41.8,5.628433700516219,0.6900204185809087,"Richmond city, VA"
1769,467.0,467.0,19010,Bryn Mawr,"Philadelphia-Camden-Wilmington, PA-NJ-DE-MD",Delaware County,PA,21827,2582.1219041624668,90243.0,144471.0,803100.0,0.0814463300149584,38.3,8.45312530164209,0.6224234481115215,"Delaware County, PA"
1776,468.0,468.0,07401,Allendale,"New York-Newark-Jersey City, NY-NJ",Bergen County,NJ,6865,2220.725555013358,86230.0,160162.0,782700.0,0.0373090481786134,45.2,3.0913320128649144,0.7579925650557621,"Bergen County, NJ"
1811,469.0,469.0,63124,Saint Louis,"St. Louis, MO-IL",St. Louis County,MO,10839,1213.8804802854966,158119.0,193942.0,988600.0,0.02116944884827,49.2,8.929215170714945,0.6818181818181818,"St. Louis County, MO"
1824,470.0,470.0,07677,Woodcliff Lake,"New York-Newark-Jersey City, NY-NJ",Bergen County,NJ,6152,1822.2249151022304,82853.0,213981.0,946400.0,0.0098505992447873,45.4,3.3760925717859913,0.8344519015659956,"Bergen County, NJ"
1831,471.0,471.0,55446,Minneapolis,"Minneapolis-St. Paul-Bloomington, MN-WI",Hennepin County,MN,28247,2802.926480016508,79469.0,170625.0,583500.0,0.0268887862749973,38.3,10.077681381009192,0.8022907008453777,"Hennepin County, MN"
1834,472.0,472.0,74114,Tulsa,"Tulsa, OK",Tulsa County,OK,15944,3300.425933233008,77385.0,98222.0,308700.0,0.0685847687551265,42.6,4.830891625064189,0.7062937062937062,"Tulsa County, OK"
1835,473.0,473.0,38139,Germantown,"Memphis, TN-MS-AR",Shelby County,TN,16466,1890.9000455845564,85385.0,178661.0,575500.0,0.0154864569415765,44.8,8.708022424797006,0.948950933421444,"Shelby County, TN"
1843,474.0,474.0,76092,Southlake,"Dallas-Fort Worth-Arlington, TX",Tarrant County,TX,31520,1391.2362148313225,115941.0,250001.0,1007500.0,0.0153105164109597,43.3,22.6561094830482,0.9092214586111396,"Tarrant County, TX"
1851,475.0,475.0,94528,Diablo,"San Francisco-Oakland-Fremont, CA",Contra Costa County,CA,1049,909.0512025214808,127901.0,207500.0,2000001.0,0.0810295519542421,43.0,1.153950401352901,0.9157667386609072,"Contra Costa County, CA"
1862,476.0,476.0,28270,Charlotte,"Charlotte-Concord-Gastonia, NC-SC",Mecklenburg County,NC,32448,2611.611532521635,75801.0,131667.0,589500.0,0.0618871415356151,40.0,12.42451244985502,0.7439432578897035,"Mecklenburg County, NC"
1883,477.0,477.0,37215,Nashville,"Nashville-Davidson--Murfreesboro--Franklin, TN",Davidson County,TN,22018,1436.5217881313745,115423.0,155863.0,1046500.0,0.0743268166728144,44.9,15.327299719303936,0.6928381962864721,"Davidson County, TN"
1902,478.0,478.0,07760,Rumson,"New York-Newark-Jersey City, NY-NJ",Monmouth County,NJ,9692,1144.7276460062055,131973.0,226635.0,1338400.0,0.04,49.1,8.466642728350303,0.8125630676084763,"Monmouth County, NJ"
1910,479.0,479.0,92657,Newport Coast,"Los Angeles-Long Beach-Anaheim, CA",Orange County,CA,9920,1195.2964330595496,113588.0,185042.0,2000001.0,0.0923387096774193,46.4,8.299196521994293,0.587069372345446,"Orange County, CA"
1911,480.0,480.0,55439,Minneapolis,"Minneapolis-St. Paul-Bloomington, MN-WI",Hennepin County,MN,9459,2007.7871320977663,89754.0,168693.0,649800.0,0.0261063355619229,44.3,4.711156799833204,0.8691891891891892,"Hennepin County, MN"
1920,481.0,481.0,28226,Charlotte,"Charlotte-Concord-Gastonia, NC-SC",Mecklenburg County,NC,39381,2673.9949700901784,77844.0,118606.0,617600.0,0.0433514177500255,40.6,14.727402422403175,0.6318051575931232,"Mecklenburg County, NC"
1930,482.0,482.0,02806,Barrington,"Providence-Warwick, RI-MA",Bristol County,RI,17126,2092.4371365515244,78126.0,153198.0,644100.0,0.0447393142320338,43.8,8.184714226695856,0.847953216374269,"Bristol County, RI"
1931,483.0,483.0,63131,Saint Louis,"St. Louis, MO-IL",St. Louis County,MO,17935,1315.897967680473,124190.0,225493.0,778100.0,0.0210264526339588,46.3,13.62947617558369,0.9236941710825132,"St. Louis County, MO"
1947,484.0,484.0,78746,Austin,"Austin-Round Rock-San Marcos, TX",Travis County,TX,28256,1232.623014737779,115026.0,188414.0,1494300.0,0.0416934849460058,44.0,22.923472677500687,0.6218771100607697,"Travis County, TX"
1951,485.0,485.0,10960,Nyack,"New York-Newark-Jersey City, NY-NJ",Rockland County,NY,15251,3232.506322424112,75180.0,125789.0,681000.0,0.0602534801579056,42.0,4.71801088035089,0.5018320386926571,"Rockland County, NY"
1956,486.0,486.0,02090,Westwood,"Boston-Cambridge-Newton, MA-NH",Norfolk County,MA,16318,1498.471294992388,94692.0,223125.0,1041500.0,0.0458846082493352,43.9,10.889764825346816,0.8423050379572119,"Norfolk County, MA"
1964,487.0,487.0,07092,Mountainside,"New York-Newark-Jersey City, NY-NJ",Union County,NJ,7049,1765.1016042098288,84985.0,211538.0,810300.0,0.0373091328147507,48.0,3.993537812887309,0.8585897935333073,"Union County, NJ"
1968,488.0,488.0,60015,Deerfield,"Chicago-Naperville-Elgin, IL-IN",Lake County,IL,28096,2060.9407334622133,92513.0,183125.0,606000.0,0.0264441591784338,44.6,13.632609392314256,0.8125405806511455,"Lake County, IL"
1969,489.0,489.0,48025,Franklin,"Detroit-Warren-Dearborn, MI",Oakland County,MI,14734,1834.4196414343376,92832.0,185000.0,544500.0,0.0469326410711845,48.5,8.031968077096822,0.9066576317126884,"Oakland County, MI"
1978,490.0,490.0,19087,Wayne,"Philadelphia-Camden-Wilmington, PA-NJ-DE-MD",Delaware County,PA,33528,2146.526880818586,93025.0,171179.0,748200.0,0.0426025587315909,40.3,15.619650655021834,0.7006212169480727,"Delaware County, PA"
1998,491.0,491.0,07702,Shrewsbury,"New York-Newark-Jersey City, NY-NJ",Monmouth County,NJ,4179,1934.253178536868,81362.0,178958.0,811400.0,0.0359517360256094,43.4,2.160523785806123,0.8395860284605433,"Monmouth County, NJ"
1999,492.0,492.0,85018,Phoenix,"Phoenix-Mesa-Chandler, AZ",Maricopa County,AZ,37297,2472.775077787743,86417.0,93885.0,862000.0,0.0824177300201477,40.5,15.08305398862544,0.5059171597633136,"Maricopa County, AZ"
2000,493.0,493.0,80113,Englewood,"Denver-Aurora-Centennial, CO",Arapahoe County,CO,22976,2995.099347574627,83684.0,96590.0,709100.0,0.0684895142022829,39.6,7.671197958293275,0.4943331913080528,"Arapahoe County, CO"
2017,494.0,494.0,34110,Naples,"Naples-Marco Island, FL",Collier County,FL,25630,1600.0521536238416,94816.0,97564.0,579700.0,0.0772119870324978,65.1,16.018227869605674,0.5472302099723292,"Collier County, FL"
2037,495.0,495.0,90272,Pacific Palisades,"Los Angeles-Long Beach-Anaheim, CA",Los Angeles County,CA,21390,898.3191894523878,141322.0,189713.0,2000001.0,0.061178671655753,48.3,23.81113556422998,0.7183295662469056,"Los Angeles County, CA"
2048,496.0,496.0,92651,Laguna Beach,"Los Angeles-Long Beach-Anaheim, CA",Orange County,CA,23557,1068.0944017996642,117155.0,146604.0,2000001.0,0.0619608176448089,54.1,22.055166622264952,0.534180105608677,"Orange County, CA"
2049,497.0,497.0,92679,Trabuco Canyon,"Los Angeles-Long Beach-Anaheim, CA",Orange County,CA,30818,1224.168295934881,89972.0,211250.0,1323600.0,0.0312906583398386,46.2,25.17464314534033,0.8648845244589926,"Orange County, CA"
2050,498.0,498.0,19085,Villanova,"Philadelphia-Camden-Wilmington, PA-NJ-DE-MD",Montgomery County,PA,11230,1802.7987908940695,76873.0,250001.0,1056000.0,0.0513757937271502,20.7,6.229203201556762,0.9485049833887044,"Montgomery County, PA"
2054,499.0,499.0,19444,Lafayette Hill,"Philadelphia-Camden-Wilmington, PA-NJ-DE-MD",Montgomery County,PA,11065,2291.018595404203,81652.0,147418.0,537400.0,0.0167110458176476,45.7,4.8297294584148975,0.7387193811774817,"Montgomery County, PA"
2064,500.0,500.0,34217,Bradenton Beach,"North Port-Bradenton-Sarasota, FL",Manatee County,FL,3676,1750.0562911789164,84053.0,80972.0,657400.0,0.0689561188334696,69.4,2.1005038629492776,0.317877469032474,"Manatee County, FL"
2071,501.0,501.0,07417,Franklin Lakes,"New York-Newark-Jersey City, NY-NJ",Bergen County,NJ,11112,1179.5512995120062,105906.0,236023.0,1265000.0,0.0346472282217422,46.3,9.42053135340291,0.8708183221821925,"Bergen County, NJ"
2078,502.0,502.0,07641,Haworth,"New York-Newark-Jersey City, NY-NJ",Bergen County,NJ,3363,1735.9957304341794,86852.0,236765.0,845300.0,0.0371691941718703,43.7,1.9372167460106025,0.8600858369098713,"Bergen County, NJ"
2089,503.0,503.0,94598,Walnut Creek,"San Francisco-Oakland-Fremont, CA",Contra Costa County,CA,27206,1319.788057412276,95937.0,186225.0,1339900.0,0.0537542662116041,45.9,20.613915883845113,0.7560395314787701,"Contra Costa County, CA"
2110,504.0,504.0,89519,Reno,"Reno, NV",Washoe County,NV,9110,1401.6606858230691,95181.0,155288.0,932900.0,0.045225027442371,51.4,6.499433202444797,0.6978823529411765,"Washoe County, NV"
2115,505.0,505.0,06824,Fairfield,"Bridgeport-Stamford-Danbury, CT",Fairfield County,CT,36716,1827.8860696596787,85384.0,193300.0,869100.0,0.0470682922466986,38.5,20.08659106791918,0.8083894770612768,"Fairfield County, CT"
2124,506.0,506.0,19301,Paoli,"Philadelphia-Camden-Wilmington, PA-NJ-DE-MD",Chester County,PA,7814,2175.746424935004,79943.0,167348.0,550100.0,0.0353455123113582,45.0,3.591411163749667,0.7831715210355987,"Chester County, PA"
2127,507.0,507.0,28203,Charlotte,"Charlotte-Concord-Gastonia, NC-SC",Mecklenburg County,NC,18823,6009.3908733560775,92528.0,104696.0,707800.0,0.0840197693574958,28.7,3.13226421723636,0.2673585371880405,"Mecklenburg County, NC"
2128,508.0,508.0,32804,Orlando,"Orlando-Kissimmee-Sanford, FL",Orange County,FL,21720,3035.9927038490873,76827.0,113231.0,561000.0,0.0785402429764616,37.9,7.154167390607686,0.5939388126978038,"Orange County, FL"
2131,509.0,509.0,18954,Richboro,"Philadelphia-Camden-Wilmington, PA-NJ-DE-MD",Bucks County,PA,10380,1614.1740473756345,82566.0,159857.0,626700.0,0.0060535051747705,49.3,6.430533322522481,0.9689673622257892,"Bucks County, PA"
2132,510.0,510.0,34134,Bonita Springs,"Cape Coral-Fort Myers, FL",Lee County,FL,16475,1225.1325858115804,109882.0,130719.0,705500.0,0.0499238964992389,70.2,13.447524121714755,0.4711481651677279,"Lee County, FL"
2140,511.0,511.0,19333,Devon,"Philadelphia-Camden-Wilmington, PA-NJ-DE-MD",Chester County,PA,7471,2021.776178150378,93808.0,173107.0,760700.0,0.0689008042895442,41.2,3.695265618786173,0.6562817473755503,"Chester County, PA"
2143,512.0,512.0,48302,Bloomfield Hills,"Detroit-Warren-Dearborn, MI",Oakland County,MI,17505,1586.7484584528163,103299.0,178103.0,661900.0,0.0592308572736637,46.9,11.031994332024448,0.8242937853107345,"Oakland County, MI"
2154,513.0,513.0,29482,Sullivans Island,"Charleston-North Charleston, SC",Charleston County,SC,2087,835.4590797616087,117718.0,192813.0,2000001.0,0.0881648298993771,52.5,2.498027791613095,0.6259191176470589,"Charleston County, SC"
2169,514.0,514.0,28031,Cornelius,"Charlotte-Concord-Gastonia, NC-SC",Mecklenburg County,NC,31733,2269.981420479084,78105.0,113368.0,547400.0,0.055646739473518,44.6,13.979409573009937,0.6626888321721736,"Mecklenburg County, NC"
2177,515.0,515.0,22102,Mc Lean,"Washington-Arlington-Alexandria, DC-VA-MD-WV",Fairfax County,VA,29184,2371.287853578624,106098.0,153949.0,955500.0,0.064640087833665,38.4,12.307236321375758,0.4459173214895798,"Fairfax County, VA"
2188,516.0,516.0,45174,Terrace Park,"Cincinnati, OH-KY-IN",Hamilton County,OH,2321,1877.8913388601384,87039.0,193750.0,603800.0,0.0211115898319689,37.9,1.235960756605238,0.9242618741976892,"Hamilton County, OH"
2200,517.0,517.0,95746,Granite Bay,"Sacramento-Roseville-Folsom, CA",Placer County,CA,22985,1249.1844156318336,84058.0,183305.0,1099500.0,0.053973538946815,48.0,18.40000540542627,0.8407522018567007,"Placer County, CA"
2206,518.0,518.0,35223,Birmingham,"Birmingham, AL",Jefferson County,AL,10666,1262.662967464647,99041.0,168278.0,775100.0,0.0735045940371273,48.6,8.44722643716771,0.8314535007448394,"Jefferson County, AL"
2209,519.0,519.0,11743,Huntington,"New York-Newark-Jersey City, NY-NJ",Suffolk County,NY,43490,1694.3885920205537,89157.0,183187.0,783100.0,0.0364128799277761,43.7,25.66707554855424,0.8719851576994434,"Suffolk County, NY"
2212,520.0,520.0,06840,New Canaan,"Bridgeport-Stamford-Danbury, CT",Fairfield County,CT,20870,940.8035903815652,143695.0,250001.0,1611900.0,0.0366791654648591,42.1,22.183163641558465,0.772428036659352,"Fairfield County, CT"
2222,521.0,521.0,75202,Dallas,"Dallas-Fort Worth-Arlington, TX",Dallas County,TX,2892,4326.638770698142,121798.0,133155.0,359500.0,0.0628908964558721,36.6,0.6684172525762647,0.2242194891201513,"Dallas County, TX"
2245,522.0,522.0,72207,Little Rock,"Little Rock-North Little Rock-Conway, AR",Pulaski County,AR,10631,2808.839296270789,77139.0,96343.0,406600.0,0.0921999242711094,40.0,3.784837393194569,0.6139400505597689,"Pulaski County, AR"
2246,523.0,523.0,32963,Vero Beach,"Sebastian-Vero Beach-West Vero Corridor, FL",Indian River County,FL,15008,861.8576598311219,130650.0,149923.0,943900.0,0.0704957356076759,69.1,17.41354831485836,0.6060902133203061,"Indian River County, FL"
2253,524.0,524.0,11747,Melville,"New York-Newark-Jersey City, NY-NJ",Suffolk County,NY,20513,1628.6074519603628,81231.0,159540.0,757800.0,0.0472126295017266,49.4,12.595423148351925,0.8496355964710395,"Suffolk County, NY"
2254,525.0,525.0,30009,Alpharetta,"Atlanta-Sandy Springs-Roswell, GA",Fulton County,GA,21095,2316.314111280999,77189.0,126510.0,640500.0,0.0784285577567231,42.8,9.107141340314056,0.5856970758953017,"Fulton County, GA"
2255,526.0,526.0,53122,Elm Grove,"Milwaukee-Waukesha, WI",Waukesha County,WI,6508,1991.5664978952009,78760.0,157962.0,514800.0,0.0433312845728334,44.6,3.267779412275723,0.8226720647773279,"Waukesha County, WI"
2263,527.0,527.0,07458,Saddle River,"New York-Newark-Jersey City, NY-NJ",Bergen County,NJ,11828,1163.1977517323385,120338.0,244022.0,1188500.0,0.0446846540131075,44.2,10.16852034177738,0.8327154772937906,"Bergen County, NJ"
2264,528.0,528.0,94903,San Rafael,"San Francisco-Oakland-Fremont, CA",Marin County,CA,30615,1539.623676124366,77317.0,142083.0,1197300.0,0.0689539072758493,49.5,19.884729284669053,0.6241610738255033,"Marin County, CA"
2295,529.0,529.0,30328,Atlanta,"Atlanta-Sandy Springs-Roswell, GA",Fulton County,GA,39508,3094.7148160925626,78118.0,112111.0,561900.0,0.0745938524902753,37.7,12.76628133699358,0.5003437438617168,"Fulton County, GA"
2300,530.0,530.0,19035,Gladwyne,"Philadelphia-Camden-Wilmington, PA-NJ-DE-MD",Montgomery County,PA,3937,835.7759302409072,164972.0,250001.0,1477200.0,0.007921837866385,43.9,4.710592704991139,0.8071065989847716,"Montgomery County, PA"
2305,531.0,531.0,10570,Pleasantville,"New York-Newark-Jersey City, NY-NJ",Westchester County,NY,13289,1866.3216417030312,87616.0,183833.0,862300.0,0.0385926973301172,37.4,7.120423244877394,0.7818101349856162,"Westchester County, NY"
2306,532.0,532.0,02071,South Walpole,"Boston-Cambridge-Newton, MA-NH",Norfolk County,MA,2089,2171.742013147284,80657.0,213885.0,651800.0,0.0,32.0,0.9619006250989386,0.9570446735395188,"Norfolk County, MA"
2309,533.0,533.0,11804,Old Bethpage,"New York-Newark-Jersey City, NY-NJ",Nassau County,NY,4835,1714.048009927368,76136.0,190469.0,848500.0,0.0122026887280248,40.6,2.820807802346727,0.8624440179142674,"Nassau County, NY"
2310,534.0,534.0,19031,Flourtown,"Philadelphia-Camden-Wilmington, PA-NJ-DE-MD",Montgomery County,PA,4929,1608.335171877878,87019.0,134592.0,579300.0,0.0761443661971831,52.5,3.064659709110846,0.7984344422700587,"Montgomery County, PA"
2317,535.0,535.0,11777,Port Jefferson,"New York-Newark-Jersey City, NY-NJ",Suffolk County,NY,9396,2139.4512947060343,77822.0,150505.0,680200.0,0.0514563106796116,44.9,4.391780277143927,0.6831072749691739,"Suffolk County, NY"
2328,536.0,536.0,07045,Montville,"New York-Newark-Jersey City, NY-NJ",Morris County,NJ,10561,1609.3050259267882,82818.0,185078.0,669400.0,0.0269321953532479,48.7,6.562460086718482,0.9455971659919028,"Morris County, NJ"
2332,537.0,537.0,07716,Atlantic Highlands,"New York-Newark-Jersey City, NY-NJ",Monmouth County,NJ,8893,2018.1286390710895,75446.0,126591.0,647400.0,0.0568709640874589,51.1,4.406557554276271,0.6533139111434815,"Monmouth County, NJ"
2343,538.0,538.0,34105,Naples,"Naples-Marco Island, FL",Collier County,FL,15441,1627.772148001607,86089.0,92214.0,594000.0,0.0853275794429187,62.7,9.485971374406851,0.4645491116325846,"Collier County, FL"
2352,539.0,539.0,93730,Fresno,"Fresno, CA",Fresno County,CA,14263,1812.6086324189337,83495.0,155333.0,728100.0,0.051581988584314,40.7,7.868769763589821,0.7645532072673341,"Fresno County, CA"
2358,540.0,540.0,30075,Roswell,"Atlanta-Sandy Springs-Roswell, GA",Fulton County,GA,56263,1890.67127801528,77342.0,157335.0,611500.0,0.0429197602647821,43.1,29.758213738276982,0.7960499977758997,"Fulton County, GA"
2360,541.0,541.0,48324,West Bloomfield,"Detroit-Warren-Dearborn, MI",Oakland County,MI,17098,1993.0207275978491,76902.0,142100.0,442300.0,0.0505436379665001,47.0,8.578937370414558,0.882802173593773,"Oakland County, MI"
2365,542.0,542.0,08735,Lavallette,"New York-Newark-Jersey City, NY-NJ",Ocean County,NJ,3451,1988.37050511594,81493.0,76974.0,872300.0,0.0481019994204578,62.9,1.7355920293128544,0.2296131366546061,"Ocean County, NJ"
2390,543.0,543.0,11768,Northport,"New York-Newark-Jersey City, NY-NJ",Suffolk County,NY,22030,1459.0986606769889,80958.0,172570.0,801700.0,0.0587265986176591,48.9,15.09836215583844,0.8952615528970209,"Suffolk County, NY"
2416,544.0,544.0,03871,Rye Beach,"Boston-Cambridge-Newton, MA-NH",Rockingham County,NH,356,640.9467006452312,167543.0,142115.0,2000001.0,0.0702247191011236,54.4,0.5554283993374491,0.7025641025641025,"Rockingham County, NH"
2431,545.0,545.0,07068,Roseland,"New York-Newark-Jersey City, NY-NJ",Essex County,NJ,6268,1732.580664130808,80904.0,164458.0,665700.0,0.0250478621569878,47.6,3.61772477886015,0.8229208117787505,"Essex County, NJ"
2434,546.0,546.0,85250,Scottsdale,"Phoenix-Mesa-Chandler, AZ",Maricopa County,AZ,15394,1830.857862599374,82918.0,95761.0,583300.0,0.0686963309914129,49.8,8.408080340078532,0.6529050448091833,"Maricopa County, AZ"
2445,547.0,547.0,11545,Glen Head,"New York-Newark-Jersey City, NY-NJ",Nassau County,NY,12172,1062.6559172391069,121986.0,182528.0,1101100.0,0.0204081632653061,47.4,11.454319128645285,0.8473507148864592,"Nassau County, NY"
2448,548.0,548.0,19312,Berwyn,"Philadelphia-Camden-Wilmington, PA-NJ-DE-MD",Chester County,PA,12283,1284.0135636364707,92757.0,204384.0,855000.0,0.0818842354477916,47.3,9.566098324703956,0.8184504960945747,"Chester County, PA"
2455,549.0,549.0,02043,Hingham,"Boston-Cambridge-Newton, MA-NH",Plymouth County,MA,24283,1094.830380283087,106998.0,178390.0,1134200.0,0.042809642560266,48.4,22.17969142738003,0.7705047318611987,"Plymouth County, MA"
2478,550.0,550.0,94089,Sunnyvale,"San Jose-Sunnyvale-Santa Clara, CA",Santa Clara County,CA,22699,3730.333513874399,87327.0,158304.0,387800.0,0.0676635349124432,37.0,6.084978706481492,0.5119210166999265,"Santa Clara County, CA"
2487,551.0,551.0,28204,Charlotte,"Charlotte-Concord-Gastonia, NC-SC",Mecklenburg County,NC,9314,5281.82497252695,88392.0,92054.0,585200.0,0.0906608410704533,31.0,1.7634056502148656,0.2519083969465648,"Mecklenburg County, NC"
2492,552.0,552.0,07746,Marlboro,"New York-Newark-Jersey City, NY-NJ",Monmouth County,NJ,18476,1492.9632524912852,87673.0,207689.0,701800.0,0.0324362376130394,46.2,12.375388321962632,0.9451726342710998,"Monmouth County, NJ"
2494,553.0,553.0,78732,Austin,"Austin-Round Rock-San Marcos, TX",Travis County,TX,21087,1642.5771159175706,88295.0,192500.0,853900.0,0.0323409112527347,37.7,12.837753427619411,0.6960957178841309,"Travis County, TX"
2510,554.0,554.0,75244,Dallas,"Dallas-Fort Worth-Arlington, TX",Dallas County,TX,13389,2897.903683541018,79126.0,120286.0,617800.0,0.0758656951851573,37.1,4.6202363715690025,0.4762492288710672,"Dallas County, TX"
2529,555.0,555.0,10505,Baldwin Place,"New York-Newark-Jersey City, NY-NJ",Putnam County,NY,1119,1443.810726309528,92774.0,153426.0,896200.0,0.0214477211796246,49.0,0.7750323360321855,0.6818181818181818,"Putnam County, NY"
2530,556.0,556.0,34229,Osprey,"North Port-Bradenton-Sarasota, FL",Sarasota County,FL,7495,1257.4733052169922,77211.0,103657.0,692700.0,0.0674412393162393,65.2,5.960365097934741,0.6952076677316293,"Sarasota County, FL"
2537,557.0,557.0,21401,Annapolis,"Baltimore-Columbia-Towson, MD",Anne Arundel County,MD,38629,1938.1818028424163,80697.0,123381.0,601400.0,0.0713563829787234,47.7,19.93053486692999,0.6007563755302294,"Anne Arundel County, MD"
2548,558.0,558.0,34996,Stuart,"Port St. Lucie, FL",Martin County,FL,10653,1586.5071656902016,76608.0,83929.0,456800.0,0.0773491035389092,64.4,6.714750636102842,0.5403832991101984,"Martin County, FL"
2566,559.0,559.0,66211,Leawood,"Kansas City, MO-KS",Johnson County,KS,5791,1347.1664699923635,148754.0,106486.0,633300.0,0.0670892762810353,44.4,4.298652118347947,0.5395363607494442,"Johnson County, KS"
2577,560.0,560.0,18977,Washington Crossing,"Philadelphia-Camden-Wilmington, PA-NJ-DE-MD",Bucks County,PA,4569,1040.6122278131336,100023.0,211719.0,736200.0,0.0096703296703296,56.4,4.390684520017452,0.9303211758301578,"Bucks County, PA"
2580,561.0,561.0,98072,Woodinville,"Seattle-Tacoma-Bellevue, WA",King County,WA,24446,1358.989268764262,86063.0,175805.0,1122200.0,0.0307295715863987,42.6,17.988368680960157,0.6997138184791496,"King County, WA"
2584,562.0,562.0,19060,Garnet Valley,"Philadelphia-Camden-Wilmington, PA-NJ-DE-MD",Delaware County,PA,11524,1490.3585109020407,80837.0,185043.0,547000.0,0.0226599267910057,49.6,7.732367692539354,0.944883835887296,"Delaware County, PA"
2598,563.0,563.0,37204,Nashville,"Nashville-Davidson--Murfreesboro--Franklin, TN",Davidson County,TN,16469,2257.8614465532214,82525.0,109580.0,907500.0,0.0577294847010199,30.8,7.294070247375473,0.5142215568862275,"Davidson County, TN"
2608,564.0,564.0,32951,Melbourne Beach,"Palm Bay-Melbourne-Titusville, FL",Brevard County,FL,11299,1388.8191422173577,80048.0,98420.0,567300.0,0.0571732011682449,61.7,8.135688554782066,0.6330706659888155,"Brevard County, FL"
2620,565.0,565.0,33446,Delray Beach,"Miami-Fort Lauderdale-West Palm Beach, FL",Palm Beach County,FL,28431,1512.82806004511,78527.0,80187.0,460800.0,0.0795378491669308,67.2,18.793279124629827,0.7022598559410568,"Palm Beach County, FL"
2633,566.0,566.0,60523,Oak Brook,"Chicago-Naperville-Elgin, IL-IN",DuPage County,IL,10144,1132.9233071517242,94958.0,118194.0,782100.0,0.0865671641791044,57.1,8.953827620956066,0.7385093167701864,"DuPage County, IL"
2634,567.0,567.0,07932,Florham Park,"New York-Newark-Jersey City, NY-NJ",Morris County,NJ,11977,1777.21947283683,82177.0,156458.0,791100.0,0.0861590239798064,44.2,6.73917891574871,0.6404561824729892,"Morris County, NJ"
2650,568.0,568.0,91302,Calabasas,"Los Angeles-Long Beach-Anaheim, CA",Los Angeles County,CA,25569,931.4821769648146,111246.0,185636.0,1724500.0,0.0890789938390299,44.5,27.44980057838061,0.6594195769798328,"Los Angeles County, CA"
2654,569.0,569.0,94941,Mill Valley,"San Francisco-Oakland-Fremont, CA",Marin County,CA,32706,867.3119108539767,116323.0,209870.0,2000001.0,0.0581760039357973,45.9,37.70961702554836,0.6150192106182326,"Marin County, CA"
2656,570.0,570.0,11724,Cold Spring Harbor,"New York-Newark-Jersey City, NY-NJ",Suffolk County,NY,3073,795.9277252389846,112377.0,250001.0,1641000.0,0.0229770229770229,41.5,3.8609033239510575,0.8829588014981273,"Suffolk County, NY"
2670,571.0,571.0,55347,Eden Prairie,"Minneapolis-St. Paul-Bloomington, MN-WI",Hennepin County,MN,30429,1807.29903102152,81578.0,155430.0,499500.0,0.024654734829757,43.4,16.836726782728892,0.8871878837494883,"Hennepin County, MN"
2674,572.0,572.0,48304,Bloomfield Hills,"Detroit-Warren-Dearborn, MI",Oakland County,MI,17387,1525.5985114421865,89749.0,143204.0,494600.0,0.0292345854004252,49.0,11.396838597832424,0.8306418219461698,"Oakland County, MI"
2676,573.0,573.0,60069,Lincolnshire,"Chicago-Naperville-Elgin, IL-IN",Lake County,IL,8502,1433.7616985041348,91905.0,162826.0,611900.0,0.0581409404085579,50.6,5.9298557137286245,0.7418478260869565,"Lake County, IL"
2688,574.0,574.0,34201,Bradenton,"North Port-Bradenton-Sarasota, FL",Manatee County,FL,3733,1091.0385899826197,77789.0,124863.0,670300.0,0.0551834985266541,68.4,3.4215105077625783,0.7658089838639337,"Manatee County, FL"
2706,575.0,575.0,01940,Lynnfield,"Boston-Cambridge-Newton, MA-NH",Essex County,MA,13285,1318.3201369200908,78738.0,173214.0,905400.0,0.058788106887467,41.9,10.07721844485886,0.8473520249221184,"Essex County, MA"
2708,576.0,576.0,85750,Tucson,"Tucson, AZ",Pima County,AZ,24886,1369.4395231036608,78113.0,102836.0,585300.0,0.0467426115863299,56.7,18.1723979629265,0.6746338264227939,"Pima County, AZ"
2719,577.0,577.0,55345,Minnetonka,"Minneapolis-St. Paul-Bloomington, MN-WI",Hennepin County,MN,20789,1829.1217910461148,77623.0,145332.0,504000.0,0.0440059964214904,44.6,11.36556357360453,0.8197157055356524,"Hennepin County, MN"
2720,578.0,578.0,53217,Milwaukee,"Milwaukee-Waukesha, WI",Milwaukee County,WI,29957,2126.7492074543356,77753.0,133021.0,449100.0,0.0518456093038934,40.8,14.085816933656114,0.7230454359394187,"Milwaukee County, WI"
2730,579.0,579.0,40025,Glenview,"Louisville/Jefferson County, KY-IN",Jefferson County,KY,565,438.9398781876019,263334.0,250001.0,1375000.0,0.0123893805309734,51.3,1.287192228541423,0.9120370370370372,"Jefferson County, KY"
2733,580.0,580.0,02493,Weston,"Boston-Cambridge-Newton, MA-NH",Middlesex County,MA,11579,688.4006823522444,136646.0,250001.0,1694400.0,0.0286588759042849,44.9,16.820146023729823,0.8324514991181657,"Middlesex County, MA"
2735,581.0,581.0,20759,Fulton,"Baltimore-Columbia-Towson, MD",Howard County,MD,6624,1054.1364404914475,102538.0,250001.0,954700.0,0.0061208875286916,40.6,6.2838165398322,0.9546360917248256,"Howard County, MD"
2743,582.0,582.0,08057,Moorestown,"Philadelphia-Camden-Wilmington, PA-NJ-DE-MD",Burlington County,NJ,21529,1407.0432973223608,87419.0,158770.0,680200.0,0.0568547623556144,46.7,15.300879540075444,0.770286255027206,"Burlington County, NJ"
2760,583.0,583.0,89138,Las Vegas,"Las Vegas-Henderson-North Las Vegas, NV",Clark County,NV,26947,1480.9101105673992,79559.0,161645.0,745400.0,0.0353880430746379,40.6,18.196242842636455,0.7845876092740403,"Clark County, NV"
2765,584.0,584.0,19422,Blue Bell,"Philadelphia-Camden-Wilmington, PA-NJ-DE-MD",Montgomery County,PA,20412,1664.1946510750083,82730.0,158288.0,611900.0,0.0498416155216788,43.0,12.265392144371214,0.7504861448711716,"Montgomery County, PA"
2781,585.0,585.0,80547,Timnath,"Fort Collins-Loveland, CO",Larimer County,CO,8821,1565.7306072920442,91198.0,180492.0,742300.0,0.0447624499141385,35.9,5.633791636261144,0.7930923176242737,"Larimer County, CO"
2782,586.0,586.0,80023,Broomfield,"Denver-Aurora-Centennial, CO",Broomfield County,CO,27143,1470.799207108532,77658.0,158180.0,869000.0,0.0364051733667415,41.0,18.45459248877409,0.7228291057211628,"Broomfield County, CO"
2789,587.0,587.0,55331,Excelsior,"Minneapolis-St. Paul-Bloomington, MN-WI",Hennepin County,MN,19805,1213.7795716893224,101331.0,159450.0,737000.0,0.0400794459156651,48.2,16.316801223170746,0.7866916150157877,"Hennepin County, MN"
2810,588.0,588.0,11732,East Norwich,"New York-Newark-Jersey City, NY-NJ",Nassau County,NY,3228,1493.3154312643428,82906.0,148965.0,780800.0,0.0582403965303593,47.2,2.1616330564982875,0.6919642857142857,"Nassau County, NY"
2814,589.0,589.0,07981,Whippany,"New York-Newark-Jersey City, NY-NJ",Morris County,NJ,9030,1498.0736480617309,75777.0,149893.0,614100.0,0.0384356790676826,49.7,6.027741033749165,0.8638286620835537,"Morris County, NJ"
2816,590.0,590.0,94556,Moraga,"San Francisco-Oakland-Fremont, CA",Contra Costa County,CA,15998,829.8209436588513,99286.0,215720.0,1659600.0,0.0750780031201248,42.4,19.278857833427928,0.8021030856748836,"Contra Costa County, CA"
2827,591.0,591.0,92091,Rancho Santa Fe,"San Diego-Chula Vista-Carlsbad, CA",San Diego County,CA,972,753.3247012923823,127990.0,103452.0,1487900.0,0.0720164609053498,63.1,1.290280271352399,0.5401069518716578,"San Diego County, CA"
2844,592.0,592.0,85259,Scottsdale,"Phoenix-Mesa-Chandler, AZ",Maricopa County,AZ,21670,1045.296602494025,93333.0,137895.0,1011200.0,0.0626762190894384,51.5,20.730958034587005,0.6738635328413957,"Maricopa County, AZ"
2852,593.0,593.0,37027,Brentwood,"Nashville-Davidson--Murfreesboro--Franklin, TN",Williamson County,TN,61630,1080.4474853865595,84708.0,154578.0,931700.0,0.0406901041666666,44.4,57.041180467878256,0.7840769458921232,"Williamson County, TN"
2874,594.0,594.0,04110,Cumberland Foreside,"Portland-South Portland, ME",Cumberland County,ME,1657,710.8377792302053,133146.0,194205.0,923600.0,0.002436053593179,62.5,2.331052243444955,0.742296918767507,"Cumberland County, ME"
2878,595.0,595.0,60045,Lake Forest,"Chicago-Naperville-Elgin, IL-IN",Lake County,IL,21074,988.8478795039144,107457.0,233125.0,923500.0,0.0353624652690073,45.9,21.3116703153294,0.8456256358087487,"Lake County, IL"
2887,596.0,596.0,95762,El Dorado Hills,"Sacramento-Roseville-Folsom, CA",El Dorado County,CA,47657,1145.9430100004993,77182.0,165467.0,916000.0,0.037211453559265,45.7,41.587582963640784,0.8391331409494709,"El Dorado County, CA"
2896,597.0,597.0,02066,Scituate,"Boston-Cambridge-Newton, MA-NH",Plymouth County,MA,19099,1157.6482402659196,84296.0,136689.0,850800.0,0.0293962144443269,47.5,16.49810308147908,0.8349222277972905,"Plymouth County, MA"
2904,598.0,598.0,10546,Millwood,"New York-Newark-Jersey City, NY-NJ",Westchester County,NY,1392,1154.4509621902787,88933.0,206750.0,871000.0,0.0387931034482758,51.0,1.205767975938131,0.7702479338842976,"Westchester County, NY"
2915,599.0,599.0,02025,Cohasset,"Boston-Cambridge-Newton, MA-NH",Norfolk County,MA,8427,862.2752553302546,113599.0,199306.0,1318900.0,0.0299379770992366,43.9,9.772981362862405,0.7774352651048089,"Norfolk County, MA"
2927,600.0,600.0,55391,Wayzata,"Minneapolis-St. Paul-Bloomington, MN-WI",Hennepin County,MN,15502,937.969597282128,121153.0,174301.0,923400.0,0.0508014477766287,50.2,16.52718813586153,0.7364351787933177,"Hennepin County, MN"
2931,601.0,601.0,19002,Ambler,"Philadelphia-Camden-Wilmington, PA-NJ-DE-MD",Montgomery County,PA,32128,1589.346673899258,78231.0,143600.0,602100.0,0.042354947727488,44.0,20.214595423148353,0.7430150206241731,"Montgomery County, PA"
2932,602.0,602.0,10510,Briarcliff Manor,"New York-Newark-Jersey City, NY-NJ",Westchester County,NY,10226,1012.155298578738,120775.0,220771.0,863300.0,0.0687556132122542,49.8,10.1031926764196,0.7924671385237614,"Westchester County, NY"
2936,603.0,603.0,34145,Marco Island,"Naples-Marco Island, FL",Collier County,FL,16205,996.2947870548296,95595.0,101523.0,896300.0,0.0727553224313483,67.9,16.265266275159362,0.4161081081081081,"Collier County, FL"
2937,604.0,604.0,11733,East Setauket,"New York-Newark-Jersey City, NY-NJ",Suffolk County,NY,17752,1512.095927472283,80855.0,173281.0,683400.0,0.0485263642643334,44.8,11.739995907320106,0.7857573020174646,"Suffolk County, NY"
2938,605.0,605.0,08536,Plainsboro,"New York-Newark-Jersey City, NY-NJ",Middlesex County,NJ,20817,2763.874581420228,75430.0,137607.0,704100.0,0.0431501547987616,36.1,7.531817883466731,0.4280821917808219,"Middlesex County, NJ"
2950,606.0,606.0,46032,Carmel,"Indianapolis-Carmel-Greenwood, IN",Hamilton County,IN,51515,2032.0886040678497,78612.0,132085.0,496800.0,0.0486554194230242,39.9,25.350764674767085,0.6159322339371002,"Hamilton County, IN"
2970,607.0,607.0,10514,Chappaqua,"New York-Newark-Jersey City, NY-NJ",Westchester County,NY,11790,926.653581146752,134413.0,250001.0,1124300.0,0.0319762510602205,41.1,12.723201247881263,0.8443316412859561,"Westchester County, NY"
2975,608.0,608.0,11560,Locust Valley,"New York-Newark-Jersey City, NY-NJ",Nassau County,NY,7696,1030.8402450136475,105317.0,163750.0,952700.0,0.038954248366013,45.4,7.465754307931691,0.8515873015873016,"Nassau County, NY"
2996,609.0,609.0,01965,Prides Crossing,"Boston-Cambridge-Newton, MA-NH",Essex County,MA,671,763.1650597991836,110313.0,250001.0,662400.0,0.0,68.1,0.8792331244522179,0.9786585365853658,"Essex County, MA"
3003,610.0,610.0,98110,Bainbridge Island,"Bremerton-Silverdale-Port Orchard, WA",Kitsap County,WA,24631,891.9707681717912,99714.0,172188.0,1155900.0,0.0350388866148178,49.0,27.61413364530365,0.7380733944954129,"Kitsap County, WA"
3027,611.0,611.0,75022,Flower Mound,"Dallas-Fort Worth-Arlington, TX",Denton County,TX,26090,1334.8042184046185,82351.0,177357.0,657400.0,0.0590482806530045,44.2,19.545937629102816,0.8265372168284789,"Denton County, TX"
3033,612.0,612.0,78734,Austin,"Austin-Round Rock-San Marcos, TX",Travis County,TX,22145,1169.441524170661,87042.0,130784.0,677300.0,0.0592096266921919,49.0,18.93638932968853,0.7538124372203452,"Travis County, TX"
3034,613.0,613.0,33469,Jupiter,"Miami-Fort Lauderdale-West Palm Beach, FL",Palm Beach County,FL,14686,1357.891225241389,76255.0,106265.0,615700.0,0.0795835901650571,58.0,10.815299286869834,0.6934158828431957,"Palm Beach County, FL"
3049,614.0,614.0,07738,Lincroft,"New York-Newark-Jersey City, NY-NJ",Monmouth County,NJ,6939,1232.5347601394526,81491.0,189000.0,807300.0,0.0203814237880331,42.9,5.629861505256777,0.8851080864691754,"Monmouth County, NJ"
3050,615.0,615.0,85718,Tucson,"Tucson, AZ",Pima County,AZ,28125,1189.7639237930755,82437.0,114892.0,712400.0,0.0456380677721701,53.1,23.63914339437604,0.6082897437595179,"Pima County, AZ"
3067,616.0,616.0,38120,Memphis,"Memphis, TN-MS-AR",Shelby County,TN,13309,1384.1331654553455,108686.0,123538.0,460700.0,0.0789374386838729,44.4,9.615404306580334,0.669432918395574,"Shelby County, TN"
3099,617.0,617.0,11780,Saint James,"New York-Newark-Jersey City, NY-NJ",Suffolk County,NY,15018,1305.6012058808135,75677.0,144577.0,723200.0,0.0322382350932313,47.4,11.502746728751848,0.8232959447799827,"Suffolk County, NY"
3102,618.0,618.0,08550,Princeton Junction,"Trenton-Princeton, NJ",Mercer County,NJ,21067,1101.0081063247617,100495.0,224213.0,807200.0,0.0249679593677315,45.4,19.134282371746608,0.7486462662133233,"Mercer County, NJ"
3111,619.0,619.0,55317,Chanhassen,"Minneapolis-St. Paul-Bloomington, MN-WI",Carver County,MN,22299,1695.987265248331,75407.0,140385.0,539000.0,0.0316819242505833,41.0,13.148094008084971,0.7895037731534416,"Carver County, MN"
3116,620.0,620.0,48168,Northville,"Detroit-Warren-Dearborn, MI",Wayne County,MI,25038,1278.1675550526836,84635.0,187589.0,582600.0,0.03184,44.9,19.58898103853683,0.8720545900415823,"Wayne County, MI"
3123,621.0,621.0,22066,Great Falls,"Washington-Arlington-Alexandria, DC-VA-MD-WV",Fairfax County,VA,17185,671.7347733729754,127424.0,250001.0,1310200.0,0.0201584712188301,45.5,25.583013834030247,0.9279958854791702,"Fairfax County, VA"
3125,622.0,622.0,01778,Wayland,"Boston-Cambridge-Newton, MA-NH",Middlesex County,MA,14033,933.5844532434992,104236.0,219375.0,977300.0,0.0499140647378974,45.1,15.031312862211824,0.8435669752503306,"Middlesex County, MA"
3126,623.0,623.0,02650,North Chatham,"Barnstable Town, MA",Barnstable County,MA,1032,756.5574138457607,93469.0,66548.0,1135100.0,0.0751964085297418,67.0,1.364073606461801,0.5352449223416965,"Barnstable County, MA"
3132,624.0,624.0,60044,Lake Bluff,"Chicago-Naperville-Elgin, IL-IN",Lake County,IL,10312,1519.5700502884358,85752.0,134724.0,599900.0,0.0361493123772102,44.6,6.786130062278232,0.6549811404481917,"Lake County, IL"
3138,625.0,625.0,10589,Somers,"New York-Newark-Jersey City, NY-NJ",Westchester County,NY,7604,1089.7808406740585,81860.0,129214.0,574400.0,0.0465673230441724,63.4,6.97754972026919,0.824431256181998,"Westchester County, NY"
3144,626.0,626.0,01810,Andover,"Boston-Cambridge-Newton, MA-NH",Essex County,MA,35648,1167.9648341345828,88945.0,172606.0,855600.0,0.0292709342757795,43.7,30.521466878250497,0.7642276422764228,"Essex County, MA"
3150,627.0,627.0,06117,West Hartford,"Hartford-West Hartford-East Hartford, CT",Hartford County,CT,16116,1658.3232787065006,78394.0,171707.0,472300.0,0.0397359649696098,43.9,9.718249877412656,0.7642610554002959,"Hartford County, CT"
3159,628.0,628.0,01730,Bedford,"Boston-Cambridge-Newton, MA-NH",Middlesex County,MA,14707,1181.76676584068,93430.0,172400.0,898500.0,0.054625916194164,44.3,12.444926042185491,0.6765494137353434,"Middlesex County, MA"
3186,629.0,629.0,07920,Basking Ridge,"New York-Newark-Jersey City, NY-NJ",Somerset County,NJ,28753,1058.2021774529162,109007.0,192857.0,799900.0,0.0370617344610957,46.0,27.171556260834983,0.8208329536134148,"Somerset County, NJ"
3188,630.0,630.0,07069,Watchung,"New York-Newark-Jersey City, NY-NJ",Somerset County,NJ,6623,1046.147054084452,87746.0,171705.0,883300.0,0.0220750551876379,48.6,6.33084992606149,0.8067326732673268,"Somerset County, NJ"
3210,631.0,631.0,18929,Jamison,"Philadelphia-Camden-Wilmington, PA-NJ-DE-MD",Bucks County,PA,9748,1329.0517464924176,77016.0,179380.0,627700.0,0.0289183904497272,38.9,7.334552643060398,0.9374255065554232,"Bucks County, PA"
3230,632.0,632.0,98077,Woodinville,"Seattle-Tacoma-Bellevue, WA",King County,WA,14109,816.1018301973792,90325.0,184306.0,1206400.0,0.0270040399744843,43.9,17.288283738547253,0.8829543083663676,"King County, WA"
3237,633.0,633.0,45242,Cincinnati,"Cincinnati, OH-KY-IN",Hamilton County,OH,22623,1669.54554765534,78839.0,124567.0,447100.0,0.0423812516835772,41.3,13.550394016965315,0.742390963288359,"Hamilton County, OH"
3239,634.0,634.0,07733,Holmdel,"New York-Newark-Jersey City, NY-NJ",Monmouth County,NJ,17166,965.8425449471052,91619.0,166849.0,843300.0,0.0271959057367293,48.9,17.773083293757892,0.9053607923282504,"Monmouth County, NJ"
3269,635.0,635.0,98053,Redmond,"Seattle-Tacoma-Bellevue, WA",King County,WA,22765,823.2861661429674,99820.0,192292.0,1213600.0,0.056215360253365,43.9,27.651381665566277,0.8250613102884503,"King County, WA"
3272,636.0,636.0,94588,Pleasanton,"San Francisco-Oakland-Fremont, CA",Alameda County,CA,34328,1048.5091293312314,84148.0,191073.0,1384300.0,0.0608269668163527,41.3,32.739819844864265,0.6149878877861998,"Alameda County, CA"
3281,637.0,637.0,22039,Fairfax Station,"Washington-Arlington-Alexandria, DC-VA-MD-WV",Fairfax County,VA,19626,831.0522485326894,88218.0,250001.0,1021500.0,0.0215530418832161,45.0,23.61584369051618,0.9595073392947528,"Fairfax County, VA"
3298,638.0,638.0,85266,Scottsdale,"Phoenix-Mesa-Chandler, AZ",Maricopa County,AZ,12516,638.0284160799234,91874.0,151923.0,1128500.0,0.0496595915098117,62.7,19.61668114548705,0.837173341580331,"Maricopa County, AZ"
3305,639.0,639.0,07751,Morganville,"New York-Newark-Jersey City, NY-NJ",Monmouth County,NJ,21109,1268.669227050888,78768.0,181205.0,715600.0,0.039237986920671,42.0,16.63869474399515,0.878019801980198,"Monmouth County, NJ"
3309,640.0,640.0,21042,Ellicott City,"Baltimore-Columbia-Towson, MD",Howard County,MD,43327,1170.9679488595557,77643.0,190061.0,706400.0,0.033070317939197,45.1,37.00101274522295,0.8319885476314419,"Howard County, MD"
3310,641.0,641.0,01720,Acton,"Boston-Cambridge-Newton, MA-NH",Middlesex County,MA,23526,1198.9274355985406,81175.0,159010.0,814300.0,0.035101237104576,44.5,19.622538697060605,0.7289507772020726,"Middlesex County, MA"
3320,642.0,642.0,78733,Austin,"Austin-Round Rock-San Marcos, TX",Travis County,TX,9029,806.2599962708998,100503.0,206368.0,1008600.0,0.0290225731124207,43.7,11.198620844095924,0.8403851765392472,"Travis County, TX"
3321,643.0,643.0,92131,San Diego,"San Diego-Chula Vista-Carlsbad, CA",San Diego County,CA,35503,918.7523517868814,83037.0,185256.0,1189100.0,0.029508751162594,43.6,38.64262217228638,0.7698342214328004,"San Diego County, CA"
3324,644.0,644.0,45034,Kings Mills,"Cincinnati, OH-KY-IN",Warren County,OH,968,1299.0733926034316,90785.0,151875.0,323900.0,0.0175619834710743,49.7,0.7451465063571674,0.8914893617021277,"Warren County, OH"
3332,645.0,645.0,30339,Atlanta,"Atlanta-Sandy Springs-Roswell, GA",Cobb County,GA,35372,3584.069851180696,78686.0,103277.0,465800.0,0.0627670713416532,34.0,9.869227294313877,0.2964143794473708,"Cobb County, GA"
3345,646.0,646.0,06903,Stamford,"Bridgeport-Stamford-Danbury, CT",Fairfield County,CT,14010,805.3783252317025,109491.0,204028.0,911000.0,0.0255057803468208,48.6,17.395551334175035,0.8848920863309353,"Fairfield County, CT"
3369,647.0,647.0,63141,Saint Louis,"St. Louis, MO-IL",St. Louis County,MO,20932,1424.647558411128,82329.0,133851.0,620900.0,0.0603834348110501,41.7,14.692756728790458,0.6198995605775267,"St. Louis County, MO"
3392,648.0,648.0,08221,Linwood,"Atlantic City-Hammonton, NJ",Atlantic County,NJ,6992,1487.400900364433,75378.0,156354.0,394700.0,0.0197072887987248,45.3,4.700817377673273,0.8771489971346705,"Atlantic County, NJ"
3399,649.0,649.0,32550,Miramar Beach,"Crestview-Fort Walton Beach-Destin, FL",Walton County,FL,8486,1214.399702293632,86845.0,101250.0,741600.0,0.0476362759286058,60.4,6.987814624766891,0.2264503251561393,"Walton County, FL"
3430,650.0,650.0,32082,Ponte Vedra Beach,"Jacksonville, FL",St. Johns County,FL,29289,877.967792546589,93651.0,124558.0,792600.0,0.0437484976477456,53.1,33.35999366792922,0.721005409684655,"St. Johns County, FL"
3453,651.0,651.0,02021,Canton,"Boston-Cambridge-Newton, MA-NH",Norfolk County,MA,24748,1320.1599760951567,78446.0,143381.0,710600.0,0.0518506373734475,42.6,18.746212919741,0.7187309953375228,"Norfolk County, MA"
3459,652.0,652.0,01864,North Reading,"Boston-Cambridge-Newton, MA-NH",Middlesex County,MA,15765,1198.240693319441,77099.0,147768.0,710500.0,0.0267134204654128,43.0,13.156789022351438,0.8279116804314849,"Middlesex County, MA"
3477,653.0,653.0,80108,Castle Rock,"Denver-Aurora-Centennial, CO",Douglas County,CO,36730,1040.7764423302572,87899.0,181049.0,881700.0,0.0468967778962039,40.5,35.29096019675752,0.7894504524387552,"Douglas County, CO"
3483,654.0,654.0,02052,Medfield,"Boston-Cambridge-Newton, MA-NH",Norfolk County,MA,13068,906.9382437456652,107234.0,235800.0,911100.0,0.0208717004297114,42.4,14.40891933945691,0.8356846473029046,"Norfolk County, MA"
3494,655.0,655.0,73116,Oklahoma City,"Oklahoma City, OK",Oklahoma County,OK,10211,1849.8657835248107,86109.0,81226.0,321600.0,0.0937407297537822,40.2,5.519859922239082,0.6280653950953679,"Oklahoma County, OK"
3507,656.0,656.0,07082,Towaco,"New York-Newark-Jersey City, NY-NJ",Morris County,NJ,5723,942.724849302486,96410.0,205023.0,702900.0,0.0244417091612449,49.5,6.070700272974027,0.932642487046632,"Morris County, NJ"
3523,657.0,657.0,06831,Greenwich,"Bridgeport-Stamford-Danbury, CT",Fairfield County,CT,15210,552.0299379435289,142594.0,227159.0,1696000.0,0.045985499462943,47.5,27.552853485920796,0.6932355338223309,"Fairfield County, CT"
3524,658.0,658.0,01742,Concord,"Boston-Cambridge-Newton, MA-NH",Middlesex County,MA,18448,764.6905679110916,101257.0,195125.0,1218100.0,0.0364384196500984,47.4,24.12479082930822,0.7176653916985408,"Middlesex County, MA"
3530,659.0,659.0,95138,San Jose,"San Jose-Sunnyvale-Santa Clara, CA",Santa Clara County,CA,18960,728.2348766153906,85919.0,204476.0,1497200.0,0.057639330366603,38.9,26.035556121838308,0.7879211031593646,"Santa Clara County, CA"
3574,660.0,660.0,60047,Lake Zurich,"Chicago-Naperville-Elgin, IL-IN",Lake County,IL,44240,1268.630090866567,81812.0,176081.0,541300.0,0.0270164447924823,42.6,34.8722612828621,0.8572501878287002,"Lake County, IL"
3592,661.0,661.0,08553,Rocky Hill,"New York-Newark-Jersey City, NY-NJ",Somerset County,NJ,819,1343.681724056456,80279.0,148056.0,597200.0,0.039072039072039,44.5,0.6095193417735204,0.759375,"Somerset County, NJ"
3612,662.0,662.0,07059,Warren,"New York-Newark-Jersey City, NY-NJ",Somerset County,NJ,16811,853.1286063839685,103266.0,212479.0,921500.0,0.0265681777565973,44.8,19.70511816647941,0.8588479501816295,"Somerset County, NJ"
3637,663.0,663.0,94005,Brisbane,"San Francisco-Oakland-Fremont, CA",San Mateo County,CA,4692,1023.8155623889122,108011.0,156169.0,1232200.0,0.055160525748761,43.6,4.582856690566373,0.497148288973384,"San Mateo County, CA"
3644,664.0,664.0,21029,Clarksville,"Baltimore-Columbia-Towson, MD",Howard County,MD,13607,804.362215994778,89689.0,243542.0,912100.0,0.0109518559353178,43.1,16.916508171846225,0.9209505334626577,"Howard County, MD"
3704,665.0,665.0,34275,Nokomis,"North Port-Bradenton-Sarasota, FL",Sarasota County,FL,22436,873.625799720922,84496.0,89369.0,473400.0,0.0807263574253865,64.9,25.68147599025479,0.7454572098475967,"Sarasota County, FL"
3707,666.0,666.0,87122,Albuquerque,"Albuquerque, NM",Bernalillo County,NM,18578,856.5539656224761,80877.0,169041.0,650200.0,0.0255415454251535,48.9,21.689234707469915,0.9053452115812918,"Bernalillo County, NM"
3713,667.0,667.0,01776,Sudbury,"Boston-Cambridge-Newton, MA-NH",Middlesex County,MA,19270,789.5511251170307,95348.0,236509.0,988900.0,0.0292238399497224,42.3,24.40627261109116,0.8740546380614292,"Middlesex County, MA"
3719,668.0,668.0,94028,Portola Valley,"San Francisco-Oakland-Fremont, CA",San Mateo County,CA,6531,377.0568257992518,175395.0,250001.0,2000001.0,0.043793369313801,57.2,17.320996606164503,0.7695868945868946,"San Mateo County, CA"
3725,669.0,669.0,95066,Scotts Valley,"Santa Cruz-Watsonville, CA",Santa Cruz County,CA,15135,808.3047331734423,84587.0,151250.0,1136400.0,0.0567627197967506,47.1,18.72437383928123,0.7108343337334934,"Santa Cruz County, CA"
3752,670.0,670.0,07960,Morristown,"New York-Newark-Jersey City, NY-NJ",Morris County,NJ,46702,1349.1306813141723,90631.0,160334.0,735600.0,0.057901506398378,40.0,34.61636492804992,0.6091929898205478,"Morris County, NJ"
3784,671.0,671.0,11771,Oyster Bay,"New York-Newark-Jersey City, NY-NJ",Nassau County,NY,10908,1006.2811128385708,92894.0,157923.0,936300.0,0.0540391508133443,41.1,10.83991328151846,0.6996449704142012,"Nassau County, NY"
3785,672.0,672.0,37220,Nashville,"Nashville-Davidson--Murfreesboro--Franklin, TN",Davidson County,TN,5265,682.7279820395788,115658.0,180417.0,818200.0,0.0053181386514719,45.9,7.711709697720841,0.8801742919389978,"Davidson County, TN"
3799,673.0,673.0,45243,Cincinnati,"Cincinnati, OH-KY-IN",Hamilton County,OH,16103,829.8118635100585,109545.0,171172.0,627000.0,0.0237540167601285,44.0,19.405603496538596,0.8915286026883401,"Hamilton County, OH"
3813,674.0,674.0,28480,Wrightsville Beach,"Wilmington, NC",New Hanover County,NC,2776,712.0188896909351,103755.0,172500.0,1131800.0,0.0382096069868995,59.6,3.898772968235398,0.3772108843537415,"New Hanover County, NC"
3836,675.0,675.0,19073,Newtown Square,"Philadelphia-Camden-Wilmington, PA-NJ-DE-MD",Delaware County,PA,21915,1067.7575758043206,80491.0,134839.0,610300.0,0.0339503344634839,46.3,20.524321715527854,0.759076274009104,"Delaware County, PA"
3855,676.0,676.0,02053,Medway,"Boston-Cambridge-Newton, MA-NH",Norfolk County,MA,13436,1164.6239476532255,78143.0,173750.0,617300.0,0.0333483213429256,40.7,11.536771184444728,0.854236577181208,"Norfolk County, MA"
3875,677.0,677.0,08243,Sea Isle City,"Atlantic City-Hammonton, NJ",Cape May County,NJ,2000,907.279050863346,88974.0,108359.0,1087300.0,0.0541624874623871,66.1,2.2043934532565763,0.1541896115493377,"Cape May County, NJ"
3883,678.0,678.0,30004,Alpharetta,"Atlanta-Sandy Springs-Roswell, GA",Fulton County,GA,68707,1184.849418664518,76606.0,156100.0,657700.0,0.0498470948012232,39.2,57.9879594129707,0.7247313533447004,"Fulton County, GA"
3894,679.0,679.0,98333,Fox Island,"Seattle-Tacoma-Bellevue, WA",Pierce County,WA,3414,657.337245537365,97910.0,172292.0,1003900.0,0.0128881077914469,53.1,5.193681056683617,0.8303341902313625,"Pierce County, WA"
3909,680.0,680.0,53092,Mequon,"Milwaukee-Waukesha, WI",Ozaukee County,WI,20886,1028.4938352482525,81191.0,128156.0,473300.0,0.040840869732538,50.3,20.307365279402624,0.7524019878520155,"Ozaukee County, WI"
3910,681.0,681.0,91361,Westlake Village,"Oxnard-Thousand Oaks-Ventura, CA",Ventura County,CA,18802,651.3219117850751,90911.0,144900.0,1433300.0,0.0695573139435414,50.1,28.867445820254133,0.6443640747438216,"Ventura County, CA"
3951,682.0,682.0,93108,Santa Barbara,"Santa Maria-Santa Barbara, CA",Santa Barbara County,CA,11526,413.78861501881966,133318.0,230419.0,2000001.0,0.0706590313500922,54.5,27.854802142093213,0.6590867746043296,"Santa Barbara County, CA"
3974,683.0,683.0,18902,Doylestown,"Philadelphia-Camden-Wilmington, PA-NJ-DE-MD",Bucks County,PA,22898,845.7008659859192,84858.0,161267.0,668200.0,0.038500417527359,46.3,27.07576747400569,0.8998191681735985,"Bucks County, PA"
3991,684.0,684.0,11568,Old Westbury,"New York-Newark-Jersey City, NY-NJ",Nassau County,NY,4144,478.1165069138987,130620.0,250001.0,2000001.0,0.0333227546810536,29.2,8.667343503256768,0.8745210727969349,"Nassau County, NY"
4008,685.0,685.0,93953,Pebble Beach,"Salinas, CA",Monterey County,CA,3613,446.12532149645386,123102.0,142763.0,2000001.0,0.0610820244328097,63.4,8.0986212301978,0.4879518072289157,"Monterey County, CA"
4015,686.0,686.0,06897,Wilton,"Bridgeport-Stamford-Danbury, CT",Fairfield County,CT,18777,700.880776568343,113354.0,242199.0,928800.0,0.0237247924080664,43.1,26.790576411491937,0.8461298377028714,"Fairfield County, CT"
4042,687.0,687.0,33418,Palm Beach Gardens,"Miami-Fort Lauderdale-West Palm Beach, FL",Palm Beach County,FL,43676,952.6448456922544,86509.0,125497.0,684900.0,0.0549430314190355,52.0,45.84709632083521,0.677503371936189,"Palm Beach County, FL"
4050,688.0,688.0,78738,Austin,"Austin-Round Rock-San Marcos, TX",Travis County,TX,31019,736.9829368500725,99621.0,183048.0,916300.0,0.0380250266757202,43.4,42.0891698423546,0.7249660895236576,"Travis County, TX"
4051,689.0,689.0,48167,Northville,"Detroit-Warren-Dearborn, MI",Wayne County,MI,24713,1272.1183606035222,76974.0,124630.0,452800.0,0.0400780424355743,44.1,19.42665145425272,0.6989409984871406,"Wayne County, MI"
4060,690.0,690.0,29928,Hilton Head Island,"Hilton Head Island-Bluffton-Port Royal, SC",Beaufort County,SC,15785,762.4176237092438,91192.0,97576.0,797700.0,0.0758378550909671,63.2,20.703876076741608,0.3718624762708289,"Beaufort County, SC"
4066,691.0,691.0,91301,Agoura Hills,"Los Angeles-Long Beach-Anaheim, CA",Los Angeles County,CA,23879,721.0453989124809,82598.0,163317.0,1116200.0,0.0651147098515519,46.7,33.117193502677615,0.7677140447068748,"Los Angeles County, CA"
4093,692.0,692.0,80007,Arvada,"Denver-Aurora-Centennial, CO",Jefferson County,CO,19078,762.274619467267,76152.0,176122.0,872000.0,0.0367963098857322,40.7,25.02772558967409,0.9453032104637336,"Jefferson County, CO"
4096,693.0,693.0,01772,Southborough,"Worcester, MA",Worcester County,MA,9907,727.6820045100972,97617.0,201568.0,841700.0,0.0384576562026849,43.9,13.614463376306473,0.843402871850447,"Worcester County, MA"
4107,694.0,694.0,08502,Belle Mead,"New York-Newark-Jersey City, NY-NJ",Somerset County,NJ,11849,895.4875689963284,87447.0,227242.0,816700.0,0.031080623306233,41.6,13.231897806555237,0.8182274667336179,"Somerset County, NJ"
4109,695.0,695.0,18940,Newtown,"Philadelphia-Camden-Wilmington, PA-NJ-DE-MD",Bucks County,PA,29626,856.8419275226111,85903.0,157414.0,655000.0,0.047334652924715,45.9,34.5758056980915,0.8439257113647981,"Bucks County, PA"
4111,696.0,696.0,92694,Ladera Ranch,"Los Angeles-Long Beach-Anaheim, CA",Orange County,CA,35764,890.6511036283462,78543.0,189966.0,1127200.0,0.0366443816610254,36.4,40.15489326213615,0.7026089698116182,"Orange County, CA"
4123,697.0,697.0,35243,Birmingham,"Birmingham, AL",Jefferson County,AL,18176,1450.514967672379,79245.0,99645.0,538400.0,0.0692406405177704,39.2,12.530722126340256,0.4687806793638327,"Jefferson County, AL"
4131,698.0,698.0,23436,Suffolk,"Virginia Beach-Chesapeake-Norfolk, VA-NC",Suffolk city,VA,882,566.4043827220185,136992.0,202708.0,556800.0,0.0272108843537414,54.3,1.5571913405071065,0.8992805755395683,"Suffolk city, VA"
4141,699.0,699.0,20124,Clifton,"Washington-Arlington-Alexandria, DC-VA-MD-WV",Fairfax County,VA,14375,662.7469500127419,93604.0,221060.0,884800.0,0.0403843475839019,47.7,21.690028146826823,0.9154177786902074,"Fairfax County, VA"
4166,700.0,700.0,95003,Aptos,"Santa Cruz-Watsonville, CA",Santa Cruz County,CA,24951,769.4975217481852,76751.0,148412.0,1198700.0,0.0410561906295282,48.4,32.42505569519574,0.5903909482394664,"Santa Cruz County, CA"
4187,701.0,701.0,28036,Davidson,"Charlotte-Concord-Gastonia, NC-SC",Mecklenburg County,NC,22963,980.1633062740816,80135.0,156496.0,630900.0,0.0512796253370547,40.8,23.427728678489107,0.7657083236726177,"Mecklenburg County, NC"
4197,702.0,702.0,15090,Wexford,"Pittsburgh, PA",Allegheny County,PA,25763,1178.1198246861609,78310.0,160576.0,476400.0,0.0448590089561578,40.1,21.867894470635022,0.7505541003425348,"Allegheny County, PA"
4203,703.0,703.0,02332,Duxbury,"Boston-Cambridge-Newton, MA-NH",Plymouth County,MA,16185,682.8452579585157,89145.0,176583.0,874600.0,0.0508653965882206,47.6,23.702295375657823,0.877451749568492,"Plymouth County, MA"
4211,704.0,704.0,60048,Libertyville,"Chicago-Naperville-Elgin, IL-IN",Lake County,IL,29124,1025.6212654756146,85758.0,173975.0,551200.0,0.0432562017927871,42.3,28.396447090529307,0.8105436573311368,"Lake County, IL"
4215,705.0,705.0,95065,Santa Cruz,"Santa Cruz-Watsonville, CA",Santa Cruz County,CA,7997,730.7709104477996,75600.0,153222.0,1228500.0,0.086330033830347,43.6,10.94323800477994,0.6698903932946486,"Santa Cruz County, CA"
4222,706.0,706.0,02818,East Greenwich,"Providence-Warwick, RI-MA",Kent County,RI,19786,932.0984111623484,82102.0,139217.0,613500.0,0.0418964184488533,45.7,21.227372306456783,0.7485872448391189,"Kent County, RI"
4242,707.0,707.0,02725,Somerset,"Providence-Warwick, RI-MA",Bristol County,MA,2257,950.990046145474,83015.0,129253.0,417300.0,0.0192578675434476,48.2,2.373316113189626,0.9393605292171996,"Bristol County, MA"
4250,708.0,708.0,08836,Martinsville,"New York-Newark-Jersey City, NY-NJ",Somerset County,NJ,3855,857.2278570401359,97143.0,229726.0,743700.0,0.0080477673935617,38.1,4.497054042679702,0.937546468401487,"Somerset County, NJ"
4251,709.0,709.0,91008,Duarte,"Los Angeles-Long Beach-Anaheim, CA",Los Angeles County,CA,743,385.8829871902564,110637.0,164375.0,1812500.0,0.0511440107671601,56.3,1.9254541523326345,0.7944444444444444,"Los Angeles County, CA"
4314,710.0,710.0,06877,Ridgefield,"Bridgeport-Stamford-Danbury, CT",Fairfield County,CT,25110,725.8651994917365,92890.0,179219.0,836200.0,0.0352847152847152,45.1,34.59319997374507,0.8011891102534683,"Fairfield County, CT"
4324,711.0,711.0,14534,Pittsford,"Rochester, NY",Monroe County,NY,33230,1027.3784006793023,76501.0,143694.0,367800.0,0.0261994184637751,47.2,32.34446040332202,0.886783662059326,"Monroe County, NY"
4336,712.0,712.0,06883,Weston,"Bridgeport-Stamford-Danbury, CT",Fairfield County,CT,10396,525.8500191938759,127002.0,250001.0,996700.0,0.0182762601000384,45.7,19.76989563666269,0.9050235478806908,"Fairfield County, CT"
4338,713.0,713.0,08540,Princeton,"Trenton-Princeton, NJ",Mercer County,NJ,50388,974.30620580621,89601.0,176983.0,767900.0,0.0821257056196815,40.6,51.71680083706887,0.6040159005198247,"Mercer County, NJ"
4359,714.0,714.0,07946,Millington,"New York-Newark-Jersey City, NY-NJ",Morris County,NJ,2982,731.5390597909218,82022.0,208587.0,801700.0,0.0382293762575452,44.3,4.076337360375909,0.945121951219512,"Morris County, NJ"
4394,715.0,715.0,02655,Osterville,"Barnstable Town, MA",Barnstable County,MA,4024,621.8468579791366,101734.0,118750.0,806300.0,0.0508262393590385,57.1,6.471046606357554,0.5446487196323047,"Barnstable County, MA"
4398,716.0,716.0,23433,Suffolk,"Virginia Beach-Chesapeake-Norfolk, VA-NC",Suffolk city,VA,1391,811.2437938098087,77946.0,140114.0,503000.0,0.01294033069734,51.0,1.714651021818617,0.8487544483985765,"Suffolk city, VA"
4409,717.0,717.0,40059,Prospect,"Louisville/Jefferson County, KY-IN",Jefferson County,KY,20892,740.7071061917296,91414.0,152727.0,559300.0,0.0221622663326267,47.2,28.20548071614176,0.8156108597285068,"Jefferson County, KY"
4420,718.0,718.0,02067,Sharon,"Boston-Cambridge-Newton, MA-NH",Norfolk County,MA,18538,817.1828412355259,80699.0,192314.0,736100.0,0.0385011658803752,42.5,22.685253611017803,0.8472854109796785,"Norfolk County, MA"
4427,719.0,719.0,94037,Montara,"San Francisco-Oakland-Fremont, CA",San Mateo County,CA,2917,530.1564484139236,90748.0,233826.0,1580700.0,0.0338385618611209,50.5,5.502149429148375,0.6473988439306358,"San Mateo County, CA"
4431,720.0,720.0,93449,Pismo Beach,"San Luis Obispo-Paso Robles, CA",San Luis Obispo County,CA,8014,808.9053274465675,78198.0,118072.0,1021300.0,0.0693032015065913,55.1,9.907216244078162,0.4341955425410769,"San Luis Obispo County, CA"
4440,721.0,721.0,53058,Nashotah,"Milwaukee-Waukesha, WI",Waukesha County,WI,3405,613.3085645368938,153495.0,104444.0,584900.0,0.0498948001202284,48.0,5.5518546403654065,0.6255924170616114,"Waukesha County, WI"
4451,722.0,722.0,19373,Thornton,"Philadelphia-Camden-Wilmington, PA-NJ-DE-MD",Delaware County,PA,2357,732.9977892177899,77915.0,192708.0,755800.0,0.0076368264743317,38.3,3.2155622222479625,0.9749670619235836,"Delaware County, PA"
4452,723.0,723.0,01532,Northborough,"Worcester, MA",Worcester County,MA,15750,852.6364412735279,77642.0,153199.0,620000.0,0.0366502210546549,45.0,18.47211688076016,0.8069744597249509,"Worcester County, MA"
4458,724.0,724.0,19971,Rehoboth Beach,"Seaford, DE",Sussex County,DE,14886,828.7741203395364,78576.0,102146.0,608800.0,0.0767368350258927,61.7,17.961468190996875,0.3866330242929233,"Sussex County, DE"
4461,725.0,725.0,94304,Palo Alto,"San Jose-Sunnyvale-Santa Clara, CA",Santa Clara County,CA,5000,1040.2292336710088,114617.0,154141.0,2000001.0,0.068893528183716,38.6,4.806632844142255,0.201171875,"Santa Clara County, CA"
4475,726.0,726.0,01886,Westford,"Boston-Cambridge-Newton, MA-NH",Middlesex County,MA,24690,816.4370501611052,77741.0,187198.0,748500.0,0.0324670034218673,42.8,30.241155757358136,0.817768639757602,"Middlesex County, MA"
4490,727.0,727.0,01748,Hopkinton,"Boston-Cambridge-Newton, MA-NH",Middlesex County,MA,19358,738.1252529450868,98172.0,222801.0,802700.0,0.0253026445679846,40.8,26.225901258306017,0.832035755478662,"Middlesex County, MA"
4495,728.0,728.0,29451,Isle Of Palms,"Charleston-North Charleston, SC",Charleston County,SC,4362,478.4667927751006,128199.0,156979.0,1581300.0,0.0254470426409903,54.6,9.116620141390507,0.4086435601198117,"Charleston County, SC"
4498,729.0,729.0,78735,Austin,"Austin-Round Rock-San Marcos, TX",Travis County,TX,20996,1039.7827584620522,90784.0,139191.0,867500.0,0.080729541636669,38.3,20.19267950841509,0.444759483770043,"Travis County, TX"
4504,730.0,730.0,02635,Cotuit,"Barnstable Town, MA",Barnstable County,MA,3577,651.7385377618715,82162.0,110197.0,683600.0,0.0433324014537321,56.4,5.488397252499045,0.7099811676082862,"Barnstable County, MA"
4566,731.0,731.0,02835,Jamestown,"Providence-Warwick, RI-MA",Newport County,RI,5534,590.7488123100587,81200.0,140625.0,842400.0,0.0354803493449781,58.2,9.367771690238186,0.6915887850467289,"Newport County, RI"
4568,732.0,732.0,02030,Dover,"Boston-Cambridge-Newton, MA-NH",Norfolk County,MA,5930,392.8197222979143,133756.0,250001.0,1340300.0,0.0265696395329158,44.9,15.095983382175222,0.9394394394394394,"Norfolk County, MA"
4582,733.0,733.0,94062,Redwood City,"San Francisco-Oakland-Fremont, CA",San Mateo County,CA,25759,398.35228082870634,139495.0,233262.0,2000001.0,0.0499337851522941,44.0,64.66386974467083,0.6733955437059608,"San Mateo County, CA"
4594,734.0,734.0,11765,Mill Neck,"New York-Newark-Jersey City, NY-NJ",Nassau County,NY,683,302.5088527151376,137674.0,196902.0,2000001.0,0.0512445095168374,55.5,2.257785165193688,0.7794117647058824,"Nassau County, NY"
4596,735.0,735.0,01944,Manchester,"Boston-Cambridge-Newton, MA-NH",Essex County,MA,5403,585.4048493037185,106716.0,206389.0,942000.0,0.0205441421432537,48.9,9.229510152548851,0.7232704402515723,"Essex County, MA"
4598,736.0,736.0,10504,Armonk,"New York-Newark-Jersey City, NY-NJ",Westchester County,NY,7665,475.1467436956085,124238.0,250001.0,1243100.0,0.046157915619627,44.2,16.1318584241638,0.8425256751616584,"Westchester County, NY"
4615,737.0,737.0,97210,Portland,"Portland-Vancouver-Hillsboro, OR-WA",Multnomah County,OR,11324,1273.0733823694484,91660.0,93621.0,991200.0,0.099580244708404,38.4,8.895009633241827,0.2872718052738336,"Multnomah County, OR"
4616,738.0,738.0,76262,Roanoke,"Dallas-Fort Worth-Arlington, TX",Denton County,TX,43620,1030.259810032102,77540.0,151250.0,577100.0,0.0400762044666835,39.9,42.33883489897645,0.7097388632872503,"Denton County, TX"
4625,739.0,739.0,01746,Holliston,"Boston-Cambridge-Newton, MA-NH",Middlesex County,MA,15094,809.172031246672,75601.0,159817.0,650300.0,0.0311255641093708,45.2,18.6536353422214,0.8446634942216179,"Middlesex County, MA"
4629,740.0,740.0,23059,Glen Allen,"Richmond, VA",Henrico County,VA,42522,927.8105806705588,75415.0,157897.0,593700.0,0.0281098927013323,39.6,45.830475407240954,0.7613888204875646,"Henrico County, VA"
4630,741.0,741.0,10520,Croton On Hudson,"New York-Newark-Jersey City, NY-NJ",Westchester County,NY,12368,855.9626402312695,87889.0,142791.0,702200.0,0.0527927182457592,48.7,14.44922876150101,0.5996758508914101,"Westchester County, NY"
4641,742.0,742.0,20169,Haymarket,"Washington-Arlington-Alexandria, DC-VA-MD-WV",Prince William County,VA,28089,750.5519981508933,75450.0,203051.0,729600.0,0.0203092710040618,42.0,37.42445569287912,0.9082974024608266,"Prince William County, VA"
4647,743.0,743.0,15238,Pittsburgh,"Pittsburgh, PA",Allegheny County,PA,12868,815.2300142682412,85622.0,116575.0,491700.0,0.0625582841156356,47.4,15.784502256765473,0.7144055005869528,"Allegheny County, PA"
4649,744.0,744.0,43054,New Albany,"Columbus, OH",Franklin County,OH,27594,1074.8138644134551,88042.0,148100.0,510600.0,0.0181606009773174,38.6,25.673282522326343,0.6312777587974034,"Franklin County, OH"
4666,745.0,745.0,33036,Islamorada,"Key West-Key Largo, FL",Monroe County,FL,3777,646.099030025096,84194.0,86032.0,1017400.0,0.0424515786680817,57.5,5.845853072791787,0.4181568088033012,"Monroe County, FL"
4672,746.0,746.0,46077,Zionsville,"Indianapolis-Carmel-Greenwood, IN",Boone County,IN,36760,829.3242466111635,82166.0,177679.0,580600.0,0.0279942043248858,40.6,44.32524449901351,0.805518666076435,"Boone County, IN"
4684,747.0,747.0,31411,Savannah,"Savannah, GA",Chatham County,GA,9390,417.6135063180082,89637.0,137375.0,804700.0,0.0246120920278223,66.4,22.484904961023016,0.8516506477225241,"Chatham County, GA"
4711,748.0,748.0,23113,Midlothian,"Richmond, VA",Chesterfield County,VA,27477,753.5020986943822,82101.0,142344.0,614100.0,0.038892551087673,44.9,36.465724578087176,0.7812323877512681,"Chesterfield County, VA"
4715,749.0,749.0,06426,Essex,"Hartford-West Hartford-East Hartford, CT",Middlesex County,CT,3267,580.3195602696842,80442.0,103705.0,729200.0,0.0597200622083981,59.5,5.629656871262052,0.7425683709869203,"Middlesex County, CT"
4723,750.0,750.0,55364,Mound,"Minneapolis-St. Paul-Bloomington, MN-WI",Hennepin County,MN,14097,929.0055830018068,80922.0,108725.0,459400.0,0.0625488107916222,46.5,15.17428986212302,0.7591060803947177,"Hennepin County, MN"
4747,751.0,751.0,07924,Bernardsville,"New York-Newark-Jersey City, NY-NJ",Somerset County,NJ,7713,644.359536725178,112114.0,236042.0,785100.0,0.01115289845675,40.4,11.970025366893308,0.9218106995884774,"Somerset County, NJ"
4766,752.0,752.0,11968,Southampton,"New York-Newark-Jersey City, NY-NJ",Suffolk County,NY,15312,574.0169067382194,113902.0,156219.0,1326600.0,0.0540684158087014,50.2,26.67517249101348,0.4677815570672713,"Suffolk County, NY"
4773,753.0,753.0,60464,Palos Park,"Chicago-Naperville-Elgin, IL-IN",Cook County,IL,9773,742.4155524848363,78034.0,126087.0,460000.0,0.0601527032604209,56.1,13.163786732767308,0.7881107858590407,"Cook County, IL"
4774,754.0,754.0,04107,Cape Elizabeth,"Portland-South Portland, ME",Cumberland County,ME,9656,649.8620495841526,77688.0,146054.0,729800.0,0.0515765295468782,47.5,14.858538063853528,0.8259889834752128,"Cumberland County, ME"
4779,755.0,755.0,21738,Glenwood,"Baltimore-Columbia-Towson, MD",Howard County,MD,3696,529.529566516191,92235.0,250001.0,914300.0,0.0236992645055843,41.2,6.979780230811702,0.9821587867975022,"Howard County, MD"
4780,756.0,756.0,79922,El Paso,"El Paso, TX",El Paso County,TX,6800,844.1032317507502,83075.0,106003.0,350200.0,0.0838491010904804,47.2,8.05588670226526,0.79096937164509,"El Paso County, TX"
4781,757.0,757.0,21842,Ocean City,"Ocean Pines, MD",Worcester County,MD,11226,1239.773557506515,75528.0,79876.0,447700.0,0.09360093600936,53.4,9.05487936246858,0.1340547500076638,"Worcester County, MD"
4805,758.0,758.0,32561,Gulf Breeze,"Pensacola-Ferry Pass-Brent, FL",Escambia County,FL,9321,774.2834194637276,77422.0,115799.0,616000.0,0.0457155237785722,53.2,12.038227560724172,0.5207437000614629,"Escambia County, FL"
4807,759.0,759.0,78730,Austin,"Austin-Round Rock-San Marcos, TX",Travis County,TX,9142,606.8947508193687,94918.0,158673.0,1014700.0,0.0560052504922336,42.9,15.063567426901262,0.6201425615083928,"Travis County, TX"
4832,760.0,760.0,08403,Longport,"Atlantic City-Hammonton, NJ",Atlantic County,NJ,1046,496.3467474903076,111492.0,110625.0,1054900.0,0.0898661567877629,64.2,2.107397711960278,0.2946107784431138,"Atlantic County, NJ"
4848,761.0,761.0,92067,Rancho Santa Fe,"San Diego-Chula Vista-Carlsbad, CA",San Diego County,CA,7938,354.48434701406325,111072.0,187054.0,2000001.0,0.0326278659611992,46.5,22.39309032081205,0.695118767945706,"San Diego County, CA"
4858,762.0,762.0,85255,Scottsdale,"Phoenix-Mesa-Chandler, AZ",Maricopa County,AZ,45346,514.0485639535812,102023.0,140616.0,1036800.0,0.06851140376202,51.5,88.21345526430603,0.6201848998459168,"Maricopa County, AZ"
4868,763.0,763.0,63005,Chesterfield,"St. Louis, MO-IL",St. Louis County,MO,19779,541.7156871339652,98885.0,198469.0,701600.0,0.0147491130258489,45.6,36.51177263232677,0.8888276622124259,"St. Louis County, MO"
4877,764.0,764.0,06475,Old Saybrook,"Hartford-West Hartford-East Hartford, CT",Middlesex County,CT,10575,702.1889379507855,76905.0,114333.0,538200.0,0.0503686680072776,57.4,15.060049266599483,0.6659983291562239,"Middlesex County, CT"
4879,765.0,765.0,19355,Malvern,"Philadelphia-Camden-Wilmington, PA-NJ-DE-MD",Chester County,PA,29425,768.3638182031226,86713.0,169417.0,692300.0,0.0395904901193836,42.0,38.29566060100618,0.702360248447205,"Chester County, PA"
4883,766.0,766.0,37069,Franklin,"Nashville-Davidson--Murfreesboro--Franklin, TN",Williamson County,TN,20209,562.0309093920765,81095.0,157939.0,815600.0,0.0329556138354198,44.5,35.95709713164916,0.841648590021692,"Williamson County, TN"
4903,767.0,767.0,11939,East Marion,"New York-Newark-Jersey City, NY-NJ",Suffolk County,NY,1331,594.6352730652359,76865.0,102500.0,857800.0,0.0270473328324567,68.1,2.238346866204117,0.5078534031413613,"Suffolk County, NY"
4920,768.0,768.0,11963,Sag Harbor,"New York-Newark-Jersey City, NY-NJ",Suffolk County,NY,8390,577.2582749367818,100849.0,127746.0,1208000.0,0.0307508939213349,52.5,14.534222139853822,0.4724347961892863,"Suffolk County, NY"
4922,769.0,769.0,85377,Carefree,"Phoenix-Mesa-Chandler, AZ",Maricopa County,AZ,3437,399.91854224323066,91234.0,149167.0,1077500.0,0.082936979785969,64.8,8.594250170850081,0.7092490842490843,"Maricopa County, AZ"
4924,770.0,770.0,18034,Center Valley,"Allentown-Bethlehem-Easton, PA-NJ",Lehigh County,PA,9209,836.4490343259401,80798.0,153200.0,475900.0,0.0568516699410609,42.5,11.00963671674408,0.8537471112578409,"Lehigh County, PA"
4929,771.0,771.0,07945,Mendham,"New York-Newark-Jersey City, NY-NJ",Morris County,NJ,9690,497.4187937707723,117181.0,250001.0,931100.0,0.0269620650015675,46.3,19.480566720334828,0.8630358587220275,"Morris County, NJ"
4934,772.0,772.0,32169,New Smyrna Beach,"Deltona-Daytona Beach-Ormond Beach, FL",Volusia County,FL,10192,629.4668746990934,85460.0,110968.0,557700.0,0.0677611940298507,64.3,16.191479503781867,0.4223617882819602,"Volusia County, FL"
4948,773.0,773.0,15142,Presto,"Pittsburgh, PA",Allegheny County,PA,1513,671.9690770971946,105853.0,119667.0,582200.0,0.0449438202247191,46.9,2.251591704987278,0.5888456549935149,"Allegheny County, PA"
4981,774.0,774.0,18925,Furlong,"Philadelphia-Camden-Wilmington, PA-NJ-DE-MD",Bucks County,PA,6250,631.3694945732632,86717.0,207609.0,730000.0,0.03808,40.3,9.89911621280391,0.8908484270734033,"Bucks County, PA"
4984,775.0,775.0,02653,Orleans,"Barnstable Town, MA",Barnstable County,MA,6443,534.599406662229,76644.0,102813.0,960600.0,0.0861020121665886,64.8,12.052014872644296,0.4435385949696444,"Barnstable County, MA"
4998,776.0,776.0,08558,Skillman,"New York-Newark-Jersey City, NY-NJ",Somerset County,NJ,7648,490.60214257845456,112991.0,236016.0,910200.0,0.0131960939561889,47.5,15.5890065212607,0.8547866618859806,"Somerset County, NJ"
5000,777.0,777.0,94973,Woodacre,"San Francisco-Oakland-Fremont, CA",Marin County,CA,1689,427.5395847352148,85653.0,231094.0,1076300.0,0.0947306098283007,58.3,3.950511391935876,0.8783382789317508,"Marin County, CA"
5009,778.0,778.0,21737,Glenelg,"Baltimore-Columbia-Towson, MD",Howard County,MD,2474,483.02787518958866,101402.0,250001.0,996400.0,0.0024330900243309,38.8,5.121857613349858,0.93234100135318,"Howard County, MD"
5014,779.0,779.0,49406,Douglas,"Holland, MI",Allegan County,MI,1085,722.632832495575,76866.0,102500.0,497100.0,0.0313364055299539,59.2,1.501454059668184,0.4943074003795066,"Allegan County, MI"
5019,780.0,780.0,94963,San Geronimo,"San Francisco-Oakland-Fremont, CA",Marin County,CA,739,462.84481105486634,78648.0,210823.0,1156300.0,0.0,46.1,1.5966474774033876,0.9163179916317992,"Marin County, CA"
5032,781.0,781.0,21056,Gibson Island,"Baltimore-Columbia-Towson, MD",Anne Arundel County,MD,291,211.45889779685623,214716.0,250001.0,2000001.0,0.0,66.6,1.3761539619844092,0.4738562091503268,"Anne Arundel County, MD"
5046,782.0,782.0,10549,Mount Kisco,"New York-Newark-Jersey City, NY-NJ",Westchester County,NY,16135,845.0651745532899,80531.0,133988.0,668000.0,0.0698540825830487,41.6,19.093201904254457,0.7005331753554502,"Westchester County, NY"
5050,783.0,783.0,06001,Avon,"Hartford-West Hartford-East Hartford, CT",Hartford County,CT,19153,783.3761432258079,87490.0,153664.0,476500.0,0.0476541908276225,44.5,24.44930212085761,0.8013673544133806,"Hartford County, CT"
5053,784.0,784.0,08008,Beach Haven,"New York-Newark-Jersey City, NY-NJ",Ocean County,NJ,6837,632.5277686571771,101770.0,120054.0,1165400.0,0.0430643035008056,62.8,10.809011617805474,0.1811654900083762,"Ocean County, NJ"
5075,785.0,785.0,03110,Bedford,"Manchester-Nashua, NH",Hillsborough County,NH,23746,724.4140859810752,75630.0,167418.0,612100.0,0.0265444641390341,45.0,32.77959451580894,0.8083939430070347,"Hillsborough County, NH"
5082,786.0,786.0,19944,Fenwick Island,"Seaford, DE",Sussex County,DE,636,511.8776813831602,96184.0,121250.0,1189300.0,0.0188679245283018,69.8,1.2424843339163472,0.1696706028589185,"Sussex County, DE"
5095,787.0,787.0,92210,Indian Wells,"Riverside-San Bernardino-Ontario, CA",Riverside County,CA,4871,340.1731105466235,148564.0,162990.0,1078200.0,0.0318536785861076,67.9,14.319179996833965,0.3873696635844973,"Riverside County, CA"
5099,788.0,788.0,10506,Bedford,"New York-Newark-Jersey City, NY-NJ",Westchester County,NY,6244,375.3866687074906,141676.0,250001.0,1175500.0,0.0341400865523321,44.6,16.633515573419203,0.9050186644545832,"Westchester County, NY"
5127,789.0,789.0,84103,Salt Lake City,"Salt Lake City-Murray, UT",Salt Lake County,UT,23749,1159.863874701752,78181.0,83916.0,779200.0,0.0835866261398176,36.1,20.475678670574016,0.3744232987312572,"Salt Lake County, UT"
5148,790.0,790.0,19425,Chester Springs,"Philadelphia-Camden-Wilmington, PA-NJ-DE-MD",Chester County,PA,17219,642.5140051784017,80898.0,211739.0,656700.0,0.0151506288388417,41.7,26.79941582786034,0.8802633858949922,"Chester County, PA"
5150,791.0,791.0,11960,Remsenburg,"New York-Newark-Jersey City, NY-NJ",Suffolk County,NY,830,417.74730397748584,163546.0,240313.0,1194600.0,0.0,56.4,1.986847053463527,0.3382936507936508,"Suffolk County, NY"
5161,792.0,792.0,44022,Chagrin Falls,"Cleveland, OH",Cuyahoga County,OH,16617,551.0815015729011,94888.0,145882.0,482600.0,0.055756698044895,50.9,30.15343456924544,0.8534340659340659,"Cuyahoga County, OH"
5164,793.0,793.0,07934,Gladstone,"New York-Newark-Jersey City, NY-NJ",Somerset County,NJ,1293,416.30082716749206,139507.0,245429.0,845500.0,0.0139211136890951,48.4,3.1059270499113896,0.9221789883268484,"Somerset County, NJ"
5176,794.0,794.0,10590,South Salem,"New York-Newark-Jersey City, NY-NJ",Westchester County,NY,6989,524.5767432826844,97093.0,211734.0,795600.0,0.0144574864013741,48.1,13.323122096996514,0.8586676481413323,"Westchester County, NY"
5218,795.0,795.0,19807,Wilmington,"Philadelphia-Camden-Wilmington, PA-NJ-DE-MD",New Castle County,DE,7815,430.1957379727523,115087.0,153341.0,936900.0,0.0408715832903558,54.0,18.1661492901517,0.6166928309785452,"New Castle County, DE"
5229,796.0,796.0,20645,Issue,"Washington-Arlington-Alexandria, DC-VA-MD-WV",Charles County,MD,814,591.2016982399268,85918.0,191429.0,531500.0,0.0,50.9,1.3768566674002602,0.9630872483221476,"Charles County, MD"
5233,797.0,797.0,60010,Barrington,"Chicago-Naperville-Elgin, IL-IN",Lake County,IL,45747,617.4647994567964,82825.0,177566.0,638100.0,0.0411182397424873,45.7,74.08843393217734,0.8275762643446168,"Lake County, IL"
5238,798.0,798.0,89135,Las Vegas,"Las Vegas-Henderson-North Las Vegas, NV",Clark County,NV,32524,641.7575397821394,82400.0,121515.0,689300.0,0.0468027378676697,47.1,50.679575982918855,0.6457469903295836,"Clark County, NV"
5239,799.0,799.0,19930,Bethany Beach,"Seaford, DE",Sussex County,DE,3014,515.4124898477096,101262.0,125491.0,887400.0,0.0253502334889926,67.2,5.847743427580801,0.1698197693943804,"Sussex County, DE"
5256,800.0,800.0,01773,Lincoln,"Boston-Cambridge-Newton, MA-NH",Middlesex County,MA,4891,352.8174429664109,134930.0,209327.0,1200800.0,0.0332627118644067,52.5,13.862693292252091,0.7003140421713773,"Middlesex County, MA"
5265,801.0,801.0,02670,West Dennis,"Barnstable Town, MA",Barnstable County,MA,1087,511.7933879790361,92333.0,87019.0,714100.0,0.0745170193192272,67.9,2.123903953297117,0.2728512960436562,"Barnstable County, MA"
5275,802.0,802.0,07620,Alpine,"New York-Newark-Jersey City, NY-NJ",Bergen County,NJ,1588,248.08731381104656,134889.0,246944.0,2000001.0,0.0623425692695214,50.5,6.400972204525886,0.8161888701517707,"Bergen County, NJ"
5296,803.0,803.0,20777,Highland,"Baltimore-Columbia-Towson, MD",Howard County,MD,3221,427.0458295941124,106611.0,226146.0,861900.0,0.0102452654455138,45.5,7.542515994270248,0.9355416293643688,"Howard County, MD"
5308,804.0,804.0,11941,Eastport,"New York-Newark-Jersey City, NY-NJ",Suffolk County,NY,2814,685.7398001331542,82916.0,123750.0,705800.0,0.0728500355366027,40.8,4.10359731118653,0.8047445255474452,"Suffolk County, NY"
5336,805.0,805.0,21036,Dayton,"Baltimore-Columbia-Towson, MD",Howard County,MD,2569,410.8425283315112,88079.0,218036.0,881300.0,0.0215432824128476,48.8,6.253004065652763,0.9679558011049724,"Howard County, MD"
5345,806.0,806.0,06089,Weatogue,"Hartford-West Hartford-East Hartford, CT",Hartford County,CT,3728,1285.0590598522767,76684.0,121094.0,409600.0,0.0175343943889937,38.5,2.9010339808261807,0.469208211143695,"Hartford County, CT"
5365,807.0,807.0,03087,Windham,"Boston-Cambridge-Newton, MA-NH",Rockingham County,NH,16038,599.6936211032394,79463.0,189583.0,723300.0,0.0204698620646217,41.1,26.74365615311256,0.886920737162283,"Rockingham County, NH"
5375,808.0,808.0,02061,Norwell,"Boston-Cambridge-Newton, MA-NH",Plymouth County,MA,11361,542.7717639663924,78866.0,188699.0,865700.0,0.026771372479029,39.2,20.9314499283781,0.8818918212699243,"Plymouth County, MA"
5386,809.0,809.0,94929,Dillon Beach,"San Francisco-Oakland-Fremont, CA",Marin County,CA,293,310.0076351220516,197978.0,209536.0,1660000.0,0.0,61.1,0.9451380121158768,0.2435897435897435,"Marin County, CA"
5398,810.0,810.0,44333,Akron,"Akron, OH",Summit County,OH,19620,690.550048683098,80787.0,131821.0,382200.0,0.0278827977315689,46.9,28.412133251479737,0.8071368898436567,"Summit County, OH"
5410,811.0,811.0,06032,Farmington,"Hartford-West Hartford-East Hartford, CT",Hartford County,CT,19135,828.8037994614054,75074.0,140912.0,445400.0,0.0409294956429891,45.2,23.08749068529222,0.6761893791037898,"Hartford County, CT"
5444,812.0,812.0,02671,West Harwich,"Barnstable Town, MA",Barnstable County,MA,818,471.6715504785483,95562.0,104583.0,635100.0,0.0550122249388753,66.5,1.7342576612264913,0.3262578616352201,"Barnstable County, MA"
5445,813.0,813.0,02534,Cataumet,"Barnstable Town, MA",Barnstable County,MA,1369,499.7814234531737,90226.0,137066.0,685600.0,0.0474799123447772,55.8,2.739197448638798,0.5657894736842105,"Barnstable County, MA"
5464,814.0,814.0,03870,Rye,"Boston-Cambridge-Newton, MA-NH",Rockingham County,NH,5188,430.5389707438256,89459.0,140938.0,990700.0,0.0689790319419949,54.9,12.050012548310995,0.6704670834865759,"Rockingham County, NH"
5470,815.0,815.0,21032,Crownsville,"Baltimore-Columbia-Towson, MD",Anne Arundel County,MD,8850,511.876317841237,79334.0,168653.0,682100.0,0.021838034576888,49.1,17.28933277734663,0.8649892605093586,"Anne Arundel County, MD"
5490,816.0,816.0,55356,Long Lake,"Minneapolis-St. Paul-Bloomington, MN-WI",Hennepin County,MN,5696,436.4460354267045,136506.0,156622.0,707800.0,0.0547824555222829,45.1,13.050868922273832,0.8251716247139588,"Hennepin County, MN"
5494,817.0,817.0,10526,Goldens Bridge,"New York-Newark-Jersey City, NY-NJ",Westchester County,NY,2128,599.7726620042216,96605.0,250001.0,746400.0,0.0301318267419962,40.2,3.5480109961814525,0.7900552486187845,"Westchester County, NY"
5516,818.0,818.0,01741,Carlisle,"Boston-Cambridge-Newton, MA-NH",Middlesex County,MA,5239,342.99256245516204,113288.0,250001.0,1103900.0,0.015270089711777,45.3,15.274383684879092,0.9213296398891968,"Middlesex County, MA"
5589,819.0,819.0,06092,West Simsbury,"Hartford-West Hartford-East Hartford, CT",Hartford County,CT,4665,628.2156233334077,88864.0,204458.0,486900.0,0.0184351554126473,40.6,7.4257943080861315,0.9590329079919409,"Hartford County, CT"
5626,820.0,820.0,07723,Deal,"New York-Newark-Jersey City, NY-NJ",Monmouth County,NJ,884,537.9102951544986,101045.0,160000.0,1579400.0,0.0950226244343891,54.4,1.643396692651323,0.2193877551020408,"Monmouth County, NJ"
5638,821.0,821.0,08534,Pennington,"Trenton-Princeton, NJ",Mercer County,NJ,13272,609.153249032602,82788.0,175573.0,573000.0,0.0373987432810962,41.6,21.787620801624715,0.8449003067484663,"Mercer County, NJ"
5645,822.0,822.0,44040,Gates Mills,"Cleveland, OH",Cuyahoga County,OH,3063,311.9304138842416,131300.0,228942.0,587700.0,0.0631131458469587,55.4,9.819497758678605,0.9329517579721996,"Cuyahoga County, OH"
5651,823.0,823.0,18938,New Hope,"Philadelphia-Camden-Wilmington, PA-NJ-DE-MD",Bucks County,PA,13649,333.76378172318744,112380.0,184833.0,735600.0,0.0272313564298297,58.3,40.8941914833648,0.8480317363442172,"Bucks County, PA"
5681,824.0,824.0,27517,Chapel Hill,"Durham-Chapel Hill, NC",Orange County,NC,29564,642.5225091086055,78220.0,128683.0,608100.0,0.0564211682339213,43.4,46.01239580075599,0.6323584133363102,"Orange County, NC"
5718,825.0,825.0,52411,Cedar Rapids,"Cedar Rapids, IA",Linn County,IA,8342,508.9056579863814,83518.0,170491.0,423200.0,0.0340676537859636,46.5,16.392036262688272,0.9542992552471226,"Linn County, IA"
5725,826.0,826.0,19317,Chadds Ford,"Philadelphia-Camden-Wilmington, PA-NJ-DE-MD",Delaware County,PA,10864,497.5298755468533,92527.0,174408.0,624900.0,0.0258652430044182,43.9,21.835874655886705,0.8774147388504651,"Delaware County, PA"
5733,827.0,827.0,21163,Woodstock,"Baltimore-Columbia-Towson, MD",Howard County,MD,7539,552.8054278619625,81758.0,134672.0,602800.0,0.075991482565877,45.4,13.637709798107329,0.8093039772727273,"Howard County, MD"
5740,828.0,828.0,06443,Madison,"New Haven, CT",New Haven County,CT,17657,488.24009654910634,86173.0,168462.0,584900.0,0.036116349505686,51.8,36.16458403314299,0.7970614090167022,"New Haven County, CT"
5775,829.0,829.0,08006,Barnegat Light,"New York-Newark-Jersey City, NY-NJ",Ocean County,NJ,500,601.8146524541818,82301.0,125417.0,1107800.0,0.0590631364562118,62.7,0.8308205823188507,0.1623325453112687,"Ocean County, NJ"
5787,830.0,830.0,04105,Falmouth,"Portland-South Portland, ME",Cumberland County,ME,12755,435.41912876744914,87611.0,150919.0,767500.0,0.0229646758631688,47.0,29.293614261058924,0.7974635623698656,"Cumberland County, ME"
5789,831.0,831.0,15143,Sewickley,"Pittsburgh, PA",Allegheny County,PA,21851,591.9932990189692,77913.0,132674.0,454900.0,0.0412897239619577,47.0,36.91089077564006,0.7450980392156863,"Allegheny County, PA"
5796,832.0,832.0,45226,Cincinnati,"Cincinnati, OH-KY-IN",Hamilton County,OH,5796,1014.170682949338,78181.0,97558.0,408400.0,0.0653899240855762,35.6,5.715014343684724,0.5727699530516432,"Hamilton County, OH"
5822,833.0,833.0,12159,Slingerlands,"Albany-Schenectady-Troy, NY",Albany County,NY,8163,540.3500639500171,80611.0,128306.0,449900.0,0.0473880597014925,53.3,15.106873385611529,0.7132176234979973,"Albany County, NY"
5824,834.0,834.0,98385,South Prairie,"Seattle-Tacoma-Bellevue, WA",Pierce County,WA,457,619.18114059546,109444.0,152500.0,504400.0,0.0196936542669584,38.7,0.7380715755659288,0.9058823529411764,"Pierce County, WA"
5854,835.0,835.0,20175,Leesburg,"Washington-Arlington-Alexandria, DC-VA-MD-WV",Loudoun County,VA,34733,588.5947409035433,79083.0,174854.0,780600.0,0.0427377705564904,38.1,59.010041351511006,0.7243234689033075,"Loudoun County, VA"
5856,836.0,836.0,55042,Lake Elmo,"Minneapolis-St. Paul-Bloomington, MN-WI",Washington County,MN,13705,550.5732989466212,77247.0,154341.0,602100.0,0.0461932650073206,41.2,24.89223510515485,0.9043887147335424,"Washington County, MN"
5873,837.0,837.0,06070,Simsbury,"Hartford-West Hartford-East Hartford, CT",Hartford County,CT,15254,669.0318134704901,78052.0,162424.0,445300.0,0.0579256099186775,44.0,22.80011158344241,0.7655951346655082,"Hartford County, CT"
5874,838.0,838.0,55902,Rochester,"Rochester, MN",Olmsted County,MN,26464,642.8383490684455,87594.0,120611.0,454800.0,0.0496575342465753,41.0,41.16742574295654,0.6731163400836271,"Olmsted County, MN"
5876,839.0,839.0,04855,Port Clyde,Not in CBSA,Knox County,ME,313,267.6385078452618,141449.0,250001.0,358100.0,0.0,69.3,1.1694879130807454,0.8290598290598291,"Knox County, ME"
5877,840.0,840.0,98027,Issaquah,"Seattle-Tacoma-Bellevue, WA",King County,WA,28955,506.3732339998625,85051.0,153301.0,996600.0,0.0552840988412676,40.6,57.1811423982332,0.6472975166369096,"King County, WA"
5882,841.0,841.0,11971,Southold,"New York-Newark-Jersey City, NY-NJ",Suffolk County,NY,6361,580.3326615534463,76891.0,129507.0,843300.0,0.0394653087205601,48.7,10.960954675500677,0.5205271160669032,"Suffolk County, NY"
5885,842.0,842.0,06525,Woodbridge,"New Haven, CT",New Haven County,CT,9073,482.3041245546421,81608.0,188750.0,588100.0,0.0211392968402314,48.7,18.81178189877181,0.8679245283018868,"New Haven County, CT"
5906,843.0,843.0,90290,Topanga,"Los Angeles-Long Beach-Anaheim, CA",Los Angeles County,CA,6315,337.24429611861933,80783.0,149304.0,1567700.0,0.0508313539192399,46.4,18.72529816717439,0.6627492877492878,"Los Angeles County, CA"
5923,844.0,844.0,18059,Laurys Station,"Allentown-Bethlehem-Easton, PA-NJ",Lehigh County,PA,744,461.70886323137546,75489.0,167961.0,431100.0,0.0309139784946236,57.5,1.611405063340013,0.9155672823218998,"Lehigh County, PA"
5946,845.0,845.0,01921,Boxford,"Boston-Cambridge-Newton, MA-NH",Essex County,MA,8250,349.6595218681518,89834.0,200672.0,904200.0,0.0309090909090909,49.3,23.59438105938633,0.9082474226804124,"Essex County, MA"
5982,846.0,846.0,94552,Castro Valley,"San Francisco-Oakland-Fremont, CA",Alameda County,CA,14506,280.03797758057556,78286.0,212605.0,1394300.0,0.0648154559933522,48.9,51.80011698886868,0.9196147798742138,"Alameda County, CA"
6010,847.0,847.0,10536,Katonah,"New York-Newark-Jersey City, NY-NJ",Westchester County,NY,10669,400.83524439848526,104020.0,250001.0,867500.0,0.0857449088960343,44.8,26.61692091475257,0.8082956660462642,"Westchester County, NY"
6076,848.0,848.0,08853,Neshanic Station,"New York-Newark-Jersey City, NY-NJ",Somerset County,NJ,5634,494.8234185839854,75138.0,220725.0,773400.0,0.0015974440894568,48.7,11.38587986826204,0.6767058823529412,"Somerset County, NJ"
6139,849.0,849.0,22480,Irvington,Not in CBSA,Lancaster County,VA,898,363.1165708269114,84314.0,88438.0,442300.0,0.0410132689987937,74.9,2.4730350310232856,0.4506258692628651,"Lancaster County, VA"
6145,850.0,850.0,28682,Terrell,"Hickory-Lenoir-Morganton, NC",Catawba County,NC,1701,444.5912981437069,78557.0,129390.0,436600.0,0.0446796002351557,55.4,3.8259858146170447,0.6237513873473918,"Catawba County, NC"
6200,851.0,851.0,66085,Stilwell,"Kansas City, MO-KS",Johnson County,KS,11486,474.76523912444907,77981.0,152500.0,538300.0,0.02011144001393,42.7,24.19300962551979,0.8211654387139986,"Johnson County, KS"
6230,852.0,852.0,08889,Whitehouse Station,"New York-Newark-Jersey City, NY-NJ",Hunterdon County,NJ,10193,442.0847787734746,80215.0,157781.0,542300.0,0.0495438045717649,52.6,23.056663539241463,0.8956581041145715,"Hunterdon County, NJ"
6251,853.0,853.0,14032,Clarence Center,"Buffalo-Cheektowaga, NY",Erie County,NY,10222,427.43677551251113,79943.0,168711.0,502100.0,0.0392659826361483,47.2,23.914647933003604,0.91305437233776,"Erie County, NY"
6264,854.0,854.0,21652,Neavitt,"Easton, MD",Talbot County,MD,155,296.2933481535934,95500.0,127930.0,504600.0,0.0774193548387096,68.5,0.5231302051359271,0.7661290322580645,"Talbot County, MD"
6274,855.0,855.0,01775,Stow,"Boston-Cambridge-Newton, MA-NH",Middlesex County,MA,7165,413.3210171887693,86307.0,185809.0,729600.0,0.0515795359239586,44.1,17.33519395827783,0.8393617021276596,"Middlesex County, MA"
6281,856.0,856.0,02738,Marion,"Boston-Cambridge-Newton, MA-NH",Plymouth County,MA,5310,375.96103837915217,96841.0,143092.0,653500.0,0.0900210687607738,53.8,14.123803952911016,0.7263397947548461,"Plymouth County, MA"
6290,857.0,857.0,01985,West Newbury,"Boston-Cambridge-Newton, MA-NH",Essex County,MA,4591,341.4085751905482,83177.0,179500.0,808200.0,0.0159527972027972,49.5,13.447231070390233,0.8971078976640712,"Essex County, MA"
6293,858.0,858.0,03840,Greenland,"Boston-Cambridge-Newton, MA-NH",Rockingham County,NH,4106,391.6431003155168,83889.0,162837.0,662800.0,0.0051207022677395,48.4,10.484035073494493,0.8960047003525264,"Rockingham County, NH"
6300,859.0,859.0,99516,Anchorage,"Anchorage, AK",Anchorage Municipality,AK,21500,489.682477434793,75467.0,173984.0,607200.0,0.0442303172737955,41.1,43.90600233977737,0.8620377553659168,"Anchorage Municipality, AK"
6317,860.0,860.0,80125,Littleton,"Denver-Aurora-Centennial, CO",Douglas County,CO,15630,398.57545525934177,80439.0,179983.0,762200.0,0.0348799794066542,40.6,39.214657585550526,0.9027917928018836,"Douglas County, CO"
6322,861.0,861.0,94933,Forest Knolls,"San Francisco-Oakland-Fremont, CA",Marin County,CA,1033,321.711619393605,85793.0,133006.0,862100.0,0.0435624394966118,62.2,3.210950235329094,0.7321131447587355,"Marin County, CA"
6324,862.0,862.0,83712,Boise,"Boise City, ID",Ada County,ID,9071,395.25719764054975,85860.0,105574.0,859000.0,0.0668854685377999,46.9,22.94961370507222,0.584955171659742,"Ada County, ID"
6354,863.0,863.0,20862,Brinklow,"Washington-Arlington-Alexandria, DC-VA-MD-WV",Montgomery County,MD,430,272.71551208001904,94108.0,189667.0,810600.0,0.0,56.0,1.5767346592071785,1.0,"Montgomery County, MD"
6371,864.0,864.0,21131,Phoenix,"Baltimore-Columbia-Towson, MD",Baltimore County,MD,7141,339.51231236856256,82991.0,197619.0,686000.0,0.0469121971712645,49.4,21.033110552550397,0.9627539503386005,"Baltimore County, MD"
6381,865.0,865.0,20882,Gaithersburg,"Washington-Arlington-Alexandria, DC-VA-MD-WV",Montgomery County,MD,13751,364.2265658753993,76380.0,184136.0,737400.0,0.040726954236917,46.6,37.753973181363634,0.9535669058674546,"Montgomery County, MD"
6408,866.0,866.0,07722,Colts Neck,"New York-Newark-Jersey City, NY-NJ",Monmouth County,NJ,9990,289.203532758509,110694.0,198994.0,917200.0,0.0336484700620107,47.5,34.54314649863513,0.9099171344560278,"Monmouth County, NJ"
6415,867.0,867.0,08752,Seaside Park,"New York-Newark-Jersey City, NY-NJ",Ocean County,NJ,2338,490.4588012433106,77992.0,78750.0,802300.0,0.078699743370402,62.9,4.766965123417465,0.2410972088546679,"Ocean County, NJ"
6419,868.0,868.0,02657,Provincetown,"Barnstable Town, MA",Barnstable County,MA,3703,382.92143491855217,91730.0,136904.0,902200.0,0.0622282608695652,56.3,9.670391005370677,0.3361756555105521,"Barnstable County, MA"
6443,869.0,869.0,03907,Ogunquit,"Portland-South Portland, ME",York County,ME,1379,337.80367320741885,100087.0,114259.0,875700.0,0.0319071791153009,62.8,4.0822528272309935,0.3000477783086479,"York County, ME"
6457,870.0,870.0,11976,Water Mill,"New York-Newark-Jersey City, NY-NJ",Suffolk County,NY,2952,227.5963950964696,138280.0,180250.0,2000001.0,0.0433898305084745,52.3,12.970328456866628,0.4542423119673953,"Suffolk County, NY"
6474,871.0,871.0,01770,Sherborn,"Boston-Cambridge-Newton, MA-NH",Middlesex County,MA,4427,280.4019195372975,114737.0,250001.0,1026800.0,0.0311723514795572,42.8,15.788051691319271,0.8602015113350125,"Middlesex County, MA"
6510,872.0,872.0,31522,Saint Simons Island,"Brunswick-St. Simons, GA",Glynn County,GA,17780,333.21975308956434,75759.0,108632.0,571100.0,0.0476461223561519,59.9,53.35818130571933,0.5941638057871506,"Glynn County, GA"
6511,873.0,873.0,29439,Folly Beach,"Charleston-North Charleston, SC",Charleston County,SC,1125,386.8816956019663,86983.0,137396.0,1043200.0,0.0186666666666666,59.7,2.907865667435009,0.2462908011869436,"Charleston County, SC"
6519,874.0,874.0,21794,West Friendship,"Baltimore-Columbia-Towson, MD",Howard County,MD,2192,268.64926902990936,88649.0,231466.0,999400.0,0.0223540145985401,43.4,8.15933729473859,0.9521739130434784,"Howard County, MD"
6548,875.0,875.0,10576,Pound Ridge,"New York-Newark-Jersey City, NY-NJ",Westchester County,NY,4891,218.3134780147463,145941.0,250001.0,1059800.0,0.0460028624003271,51.9,22.40356410642512,0.8359053497942387,"Westchester County, NY"
6553,876.0,876.0,07930,Chester,"New York-Newark-Jersey City, NY-NJ",Morris County,NJ,8648,339.93011942504785,92050.0,240954.0,771200.0,0.0254895145406094,44.6,25.440522936381992,0.9196397644613786,"Morris County, NJ"
6569,877.0,877.0,07871,Sparta,"New York-Newark-Jersey City, NY-NJ",Sussex County,NJ,21437,562.458267712579,75262.0,167654.0,479700.0,0.0393704464786101,41.1,38.113049857335355,0.8330368789280209,"Sussex County, NJ"
6608,878.0,878.0,06073,South Glastonbury,"Hartford-West Hartford-East Hartford, CT",Hartford County,CT,5372,370.02853464759073,94452.0,201477.0,560900.0,0.0430007446016381,44.3,14.51779929652238,0.9124015748031497,"Hartford County, CT"
6614,879.0,879.0,20158,Hamilton,"Washington-Arlington-Alexandria, DC-VA-MD-WV",Loudoun County,VA,4979,375.764392644406,77592.0,211522.0,765800.0,0.0060253062864028,43.5,13.250324132525607,0.8153266331658291,"Loudoun County, VA"
6650,880.0,880.0,21153,Stevenson,"Baltimore-Columbia-Towson, MD",Baltimore County,MD,456,158.97745966488665,151894.0,220179.0,902300.0,0.0350877192982456,65.8,2.868331151857729,0.8878923766816144,"Baltimore County, MD"
6699,881.0,881.0,03862,North Hampton,"Boston-Cambridge-Newton, MA-NH",Rockingham County,NH,4610,331.1748062423387,86425.0,144583.0,670400.0,0.0290646853146853,50.9,13.920141004405425,0.8131818181818182,"Rockingham County, NH"
6730,882.0,882.0,63038,Wildwood,"St. Louis, MO-IL",St. Louis County,MO,7107,340.82266722147614,79229.0,186450.0,580800.0,0.0142213460996902,46.3,20.85248630303592,0.8554744525547445,"St. Louis County, MO"
6738,883.0,883.0,84098,Park City,"Heber, UT",Summit County,UT,20357,283.38171118009797,90915.0,174119.0,1207200.0,0.0425165040890728,42.3,71.8359696369484,0.6114637048790162,"Summit County, UT"
6739,884.0,884.0,92264,Palm Springs,"Riverside-San Bernardino-Ontario, CA",Riverside County,CA,19899,390.58226196161235,77411.0,77688.0,560100.0,0.0995150535461709,61.2,50.94701408113545,0.4504633337146779,"Riverside County, CA"
6753,885.0,885.0,06896,Redding,"Bridgeport-Stamford-Danbury, CT",Fairfield County,CT,8779,279.7572560810094,96417.0,186060.0,706300.0,0.0400370284656329,52.0,31.38077675975583,0.8659248956884562,"Fairfield County, CT"
6759,886.0,886.0,60184,Wayne,"Chicago-Naperville-Elgin, IL-IN",DuPage County,IL,2557,303.6585372899184,80212.0,163750.0,642700.0,0.0211350293542074,49.2,8.42064255074344,0.9645833333333332,"DuPage County, IL"
6804,887.0,887.0,94019,Half Moon Bay,"San Francisco-Oakland-Fremont, CA",San Mateo County,CA,14419,241.4117855933561,78773.0,153781.0,1556800.0,0.0659019812304483,46.9,59.72782134293955,0.6708442123585727,"San Mateo County, CA"
6805,888.0,888.0,01450,Groton,"Boston-Cambridge-Newton, MA-NH",Middlesex County,MA,11356,346.5488147958475,80105.0,193292.0,743400.0,0.038569488456315,41.5,32.76883231209387,0.8632545931758531,"Middlesex County, MA"
6818,889.0,889.0,01951,Newbury,"Boston-Cambridge-Newton, MA-NH",Essex County,MA,3327,232.55840903852044,103238.0,182684.0,854700.0,0.0565243535778713,60.2,14.306083421171513,0.7214514407684098,"Essex County, MA"
6838,890.0,890.0,40010,Buckner,"Louisville/Jefferson County, KY-IN",Oldham County,KY,678,442.22023610756446,78777.0,196125.0,591500.0,0.0,36.2,1.5331727149525674,0.7219730941704036,"Oldham County, KY"
6851,891.0,891.0,49301,Ada,"Grand Rapids-Wyoming-Kentwood, MI",Kent County,MI,19846,349.23044126747646,84356.0,183125.0,548800.0,0.0144347649918962,42.0,56.82780667106823,0.90031975531767,"Kent County, MI"
6860,892.0,892.0,08510,Millstone Township,"New York-Newark-Jersey City, NY-NJ",Monmouth County,NJ,5386,303.6207543885286,80915.0,225966.0,740700.0,0.0571852952098031,47.1,17.73923528662273,0.941697032795419,"Monmouth County, NJ"
6865,893.0,893.0,06478,Oxford,"Waterbury-Shelton, CT",New Haven County,CT,12991,396.9692105866667,75245.0,128953.0,472400.0,0.0404125933338465,45.2,32.725459943860784,0.8688368551304017,"New Haven County, CT"
6885,894.0,894.0,72201,Little Rock,"Little Rock-North Little Rock-Conway, AR",Pulaski County,AR,795,648.8194185574949,113767.0,115174.0,290100.0,0.0528301886792452,38.3,1.225302414295036,0.2963576158940397,"Pulaski County, AR"
6896,895.0,895.0,02554,Nantucket,"Nantucket, MA",Nantucket County,MA,14212,355.41567864420523,77336.0,140938.0,1595700.0,0.0260249554367201,42.0,39.98698103081479,0.3301093735876345,"Nantucket County, MA"
6908,896.0,896.0,10518,Cross River,"New York-Newark-Jersey City, NY-NJ",Westchester County,NY,992,260.4122879380768,121644.0,250001.0,779000.0,0.0,53.7,3.8093440515214345,0.6518518518518519,"Westchester County, NY"
6923,897.0,897.0,10527,Granite Springs,"New York-Newark-Jersey City, NY-NJ",Westchester County,NY,418,187.08603671816556,162481.0,250001.0,860400.0,0.0,49.9,2.2342661554677816,1.0,"Westchester County, NY"
6931,898.0,898.0,01740,Bolton,"Worcester, MA",Worcester County,MA,5737,287.6265836690254,83993.0,205449.0,796000.0,0.0291703056768558,41.2,19.94600056370874,0.8982725527831094,"Worcester County, MA"
6978,899.0,899.0,06378,Stonington,"Norwich-New London-Willimantic, CT",New London County,CT,5555,265.77375727251,96042.0,135714.0,593400.0,0.0291629162916291,58.7,20.90123591210777,0.6387625113739763,"New London County, CT"
6984,900.0,900.0,32459,Santa Rosa Beach,"Crestview-Fort Walton Beach-Destin, FL",Walton County,FL,23522,431.4806640934668,75515.0,107821.0,684700.0,0.0795527567150751,46.5,54.51460970891779,0.4161950600306764,"Walton County, FL"
6985,901.0,901.0,06612,Easton,"Bridgeport-Stamford-Danbury, CT",Fairfield County,CT,7670,279.6891173195155,90918.0,222604.0,783100.0,0.0689205064612974,45.0,27.423305109286137,0.8580199539524175,"Fairfield County, CT"
7016,902.0,902.0,07921,Bedminster,"New York-Newark-Jersey City, NY-NJ",Somerset County,NJ,7700,418.8734568802316,79546.0,123104.0,433300.0,0.0512252346193952,49.2,18.382640087413463,0.7788894447223612,"Somerset County, NJ"
7034,903.0,903.0,01451,Harvard,"Worcester, MA",Worcester County,MA,5487,260.70496166366576,97637.0,214792.0,856200.0,0.0440263061746437,41.8,21.04678010339808,0.8462291870714985,"Worcester County, MA"
7043,904.0,904.0,03049,Hollis,"Manchester-Nashua, NH",Hillsborough County,NH,8603,271.13921336703885,88164.0,168883.0,675900.0,0.0189119775858043,49.4,31.729088143197465,0.902610736286301,"Hillsborough County, NH"
7091,905.0,905.0,08202,Avalon,"Atlantic City-Hammonton, NJ",Cape May County,NJ,1612,233.16221145640492,109832.0,146071.0,1857400.0,0.0446927374301676,63.9,6.913641751512554,0.1379492600422833,"Cape May County, NJ"
7122,906.0,906.0,20838,Barnesville,"Washington-Arlington-Alexandria, DC-VA-MD-WV",Montgomery County,MD,306,327.13597035976676,80514.0,250001.0,775700.0,0.022875816993464,34.4,0.9353908702350202,0.9175257731958762,"Montgomery County, MD"
7133,907.0,907.0,10597,Waccabuc,"New York-Newark-Jersey City, NY-NJ",Westchester County,NY,679,207.0242873443833,90996.0,244853.0,1150000.0,0.04860088365243,42.7,3.2798084162487116,0.9397590361445785,"Westchester County, NY"
7163,908.0,908.0,21035,Davidsonville,"Baltimore-Columbia-Towson, MD",Anne Arundel County,MD,7879,253.7211681920665,79628.0,188347.0,831500.0,0.0254000508001016,44.9,31.053774724998934,0.8796231681786462,"Anne Arundel County, MD"
7167,909.0,909.0,08247,Stone Harbor,"Atlantic City-Hammonton, NJ",Cape May County,NJ,965,184.6025201053812,139839.0,167917.0,1805600.0,0.0559585492227979,64.7,5.227447596322766,0.1386259541984733,"Cape May County, NJ"
7172,910.0,910.0,29492,Charleston,"Charleston-North Charleston, SC",Berkeley County,SC,20436,387.22498342393743,82872.0,110509.0,791400.0,0.0618328496236902,39.3,52.775520368804514,0.5363213370050327,"Berkeley County, SC"
7182,911.0,911.0,06456,Middle Haddam,"Hartford-West Hartford-East Hartford, CT",Middlesex County,CT,281,211.62824016011683,107714.0,128542.0,434000.0,0.096085409252669,65.0,1.3278001073363217,0.8439306358381503,"Middlesex County, CT"
7210,912.0,912.0,07830,Califon,"New York-Newark-Jersey City, NY-NJ",Hunterdon County,NJ,7379,283.64397089289866,79062.0,180852.0,656400.0,0.0307880103078801,50.5,26.01500739385094,0.9024563901744392,"Hunterdon County, NJ"
7213,913.0,913.0,95135,San Jose,"San Jose-Sunnyvale-Santa Clara, CA",Santa Clara County,CA,20129,155.50621482329035,87765.0,190750.0,1547400.0,0.0445606173761513,53.1,129.44177197595357,0.8311437403400309,"Santa Clara County, CA"
7224,914.0,914.0,15416,Brownfield,"Pittsburgh, PA",Fayette County,PA,531,538.6461005199307,77037.0,119583.0,295400.0,0.0,37.6,0.9858049644979324,0.8266129032258065,"Fayette County, PA"
7260,915.0,915.0,04021,Cumberland Center,"Portland-South Portland, ME",Cumberland County,ME,6990,340.1876809158354,78752.0,172468.0,579000.0,0.0381974248927038,39.1,20.547481264406425,0.8936915887850467,"Cumberland County, ME"
7289,916.0,916.0,32461,Inlet Beach,"Crestview-Fort Walton Beach-Destin, FL",Walton County,FL,3757,252.64499518277128,100376.0,145706.0,1095100.0,0.0593558690444503,58.1,14.870668612620126,0.2497965825874694,"Walton County, FL"
7334,917.0,917.0,08720,Allenwood,"New York-Newark-Jersey City, NY-NJ",Monmouth County,NJ,735,278.57770652680534,76416.0,224671.0,785900.0,0.0534846029173419,45.5,2.638402078772505,0.8401639344262295,"Monmouth County, NJ"
7338,918.0,918.0,08530,Lambertville,"New York-Newark-Jersey City, NY-NJ",Hunterdon County,NJ,8119,299.43798349546904,82506.0,120467.0,574800.0,0.0265567765567765,53.3,27.11412862597925,0.7617300131061598,"Hunterdon County, NJ"
7358,919.0,919.0,08535,Millstone Township,"New York-Newark-Jersey City, NY-NJ",Monmouth County,NJ,4999,267.18893135158555,83979.0,209732.0,734100.0,0.0226045209041808,44.3,18.70960737300144,0.931316950220542,"Monmouth County, NJ"
7362,920.0,920.0,18471,Waverly,"Scranton--Wilkes-Barre, PA",Lackawanna County,PA,667,331.3358186540602,102720.0,140536.0,391100.0,0.0314842578710644,42.3,2.013063370901046,0.8156996587030717,"Lackawanna County, PA"
7366,921.0,921.0,14506,Mendon,"Rochester, NY",Monroe County,NY,923,297.74256590399347,81488.0,126786.0,363100.0,0.0967391304347826,52.8,3.0999934362680936,0.8918269230769231,"Monroe County, NY"
7381,922.0,922.0,53125,Fontana,"Whitewater-Elkhorn, WI",Walworth County,WI,1898,307.8392162582257,89402.0,112500.0,593800.0,0.0742887249736564,57.2,6.165556237668872,0.3285968028419183,"Walworth County, WI"
7427,923.0,923.0,89451,Incline Village,"Reno, NV",Washoe County,NV,9285,220.0867741845234,115270.0,166509.0,1461200.0,0.059806508355321,47.8,42.18790535870795,0.368651714359371,"Washoe County, NV"
7519,924.0,924.0,08833,Lebanon,"New York-Newark-Jersey City, NY-NJ",Hunterdon County,NJ,9184,263.39547602756903,89628.0,172454.0,604400.0,0.0156746684204757,49.7,34.86772111089232,0.850187265917603,"Hunterdon County, NJ"
7549,925.0,925.0,55340,Hamel,"Minneapolis-St. Paul-Bloomington, MN-WI",Hennepin County,MN,10183,285.88069313287923,81439.0,178553.0,639100.0,0.0673284843719284,39.4,35.61975413032483,0.9054129464285714,"Hennepin County, MN"
7553,926.0,926.0,43542,Monclova,"Toledo, OH",Lucas County,OH,4184,280.7272778895665,79752.0,148657.0,402000.0,0.0728685936361428,47.9,14.90414480364789,0.886404833836858,"Lucas County, OH"
7569,927.0,927.0,12148,Rexford,"Albany-Schenectady-Troy, NY",Saratoga County,NY,4023,257.47761641373785,89501.0,141984.0,427400.0,0.0427541635595326,54.6,15.624659168568218,0.7521497218007082,"Saratoga County, NY"
7591,928.0,928.0,89511,Reno,"Reno, NV",Washoe County,NV,30956,235.2473089515473,81797.0,124130.0,916600.0,0.0608343934501092,46.0,131.58917795049402,0.6505859515421669,"Washoe County, NV"
7596,929.0,929.0,89449,Stateline,"Gardnerville Ranchos, NV-CA",Douglas County,NV,2712,270.35241580812266,88749.0,83988.0,1065700.0,0.0398230088495575,50.2,10.031351086297631,0.3393248575186322,"Douglas County, NV"
7603,930.0,930.0,01929,Essex,"Boston-Cambridge-Newton, MA-NH",Essex County,MA,3621,259.8094533829721,78269.0,156442.0,902000.0,0.0825738746202706,45.4,13.937137209023971,0.6529142108709889,"Essex County, MA"
7653,931.0,931.0,02791,Westport Point,"Providence-Warwick, RI-MA",Bristol County,MA,290,222.60757431790415,81413.0,130833.0,734400.0,0.0,61.4,1.3027409372236958,0.5190311418685121,"Bristol County, MA"
7690,932.0,932.0,23103,Manakin Sabot,"Richmond, VA",Goochland County,VA,6922,180.16600196959564,89815.0,145234.0,611000.0,0.0238370413175382,56.5,38.42012324371909,0.944873949579832,"Goochland County, VA"
7703,933.0,933.0,84060,Park City,"Heber, UT",Summit County,UT,8619,195.76967786117248,109692.0,128295.0,1795000.0,0.0652932960893854,49.4,44.02622558388256,0.2983449477351916,"Summit County, UT"
7737,934.0,934.0,98024,Fall City,"Seattle-Tacoma-Bellevue, WA",King County,WA,3908,176.95578310411312,79718.0,160641.0,1107100.0,0.0294268167860798,50.2,22.084613068004124,0.8152588555858311,"King County, WA"
7749,935.0,935.0,29455,Johns Island,"Charleston-North Charleston, SC",Charleston County,SC,27576,275.0938507644693,80015.0,121372.0,590800.0,0.0895435108365922,49.8,100.2421534446079,0.6076148698048479,"Charleston County, SC"
7762,936.0,936.0,98065,Snoqualmie,"Seattle-Tacoma-Bellevue, WA",King County,WA,15944,226.5557827799327,83349.0,198216.0,956600.0,0.0103915853503991,39.1,70.37560376680992,0.8058690744920993,"King County, WA"
7805,937.0,937.0,11957,Orient,"New York-Newark-Jersey City, NY-NJ",Suffolk County,NY,1121,173.22483165136845,104900.0,94261.0,973700.0,0.0279531109107303,64.1,6.471358576674041,0.5059726962457338,"Suffolk County, NY"
7806,938.0,938.0,20689,Sunderland,"Lexington Park, MD",Calvert County,MD,1809,234.670622611242,88978.0,161833.0,490500.0,0.0244037714919578,48.1,7.708676867478252,0.93042071197411,"Calvert County, MD"
7819,939.0,939.0,89448,Zephyr Cove,"Gardnerville Ranchos, NV-CA",Douglas County,NV,1698,138.1694021433114,127810.0,137586.0,1369100.0,0.0649970184853905,60.5,12.28926212070317,0.398491879350348,"Douglas County, NV"
7890,940.0,940.0,14126,Olcott,"Buffalo-Cheektowaga, NY",Niagara County,NY,109,164.25226559736367,170193.0,167723.0,430000.0,0.0,55.8,0.6636133730246063,0.2167300380228136,"Niagara County, NY"
7894,941.0,941.0,02837,Little Compton,"Providence-Warwick, RI-MA",Newport County,RI,3584,174.43679302779316,92058.0,134750.0,783400.0,0.029296875,60.3,20.54612411630933,0.6243589743589744,"Newport County, RI"
7898,942.0,942.0,73557,Medicine Park,"Lawton, OK",Comanche County,OK,261,286.0509840379727,83358.0,118056.0,326500.0,0.0766283524904214,50.0,0.9124247583967504,0.5182186234817814,"Comanche County, OK"
7939,943.0,943.0,93105,Santa Barbara,"Santa Maria-Santa Barbara, CA",Santa Barbara County,CA,24437,174.83926752563465,83785.0,138286.0,1663000.0,0.098693274328894,48.2,139.7683732369623,0.4811115935735996,"Santa Barbara County, CA"
7974,944.0,944.0,80454,Indian Hills,"Denver-Aurora-Centennial, CO",Jefferson County,CO,986,195.79970165375457,79182.0,178980.0,789200.0,0.0679513184584178,49.3,5.035758439221773,0.8024948024948025,"Jefferson County, CO"
7995,945.0,945.0,34797,Yalaha,"Orlando-Kissimmee-Sanford, FL",Lake County,FL,1163,260.96299900376636,75329.0,130227.0,400000.0,0.0,51.5,4.456570488689145,0.8095238095238095,"Lake County, FL"
8018,946.0,946.0,20129,Paeonian Springs,"Washington-Arlington-Alexandria, DC-VA-MD-WV",Loudoun County,VA,538,125.61054612700072,124816.0,250001.0,1238300.0,0.0074349442379182,42.8,4.283079857451187,0.925925925925926,"Loudoun County, VA"
8092,947.0,947.0,94550,Livermore,"San Francisco-Oakland-Fremont, CA",Alameda County,CA,49873,183.37310093466277,82802.0,180295.0,1202500.0,0.0482951664266444,42.3,271.975550098649,0.6999403567749282,"Alameda County, CA"
8094,948.0,948.0,02539,Edgartown,"Vineyard Haven, MA",Dukes County,MA,5278,196.84356653059228,100312.0,125236.0,1199300.0,0.0471284106086624,51.9,26.813169935019054,0.3079056865464632,"Dukes County, MA"
8154,949.0,949.0,03844,Hampton Falls,"Boston-Cambridge-Newton, MA-NH",Rockingham County,NH,2370,191.42544601399868,80276.0,165509.0,764900.0,0.0388185654008438,48.3,12.380799153664686,0.8090717299578059,"Rockingham County, NH"
8162,950.0,950.0,07931,Far Hills,"New York-Newark-Jersey City, NY-NJ",Somerset County,NJ,2985,135.98071678822865,132464.0,201078.0,1165700.0,0.0406859448554135,47.7,21.951641898231266,0.725735294117647,"Somerset County, NJ"
8223,951.0,951.0,06784,Sherman,"Bridgeport-Stamford-Danbury, CT",Fairfield County,CT,3583,163.01202422460182,104630.0,116750.0,492700.0,0.0220485626569913,60.2,21.979973667852,0.7813141683778234,"Fairfield County, CT"
8287,952.0,952.0,08551,Ringoes,"New York-Newark-Jersey City, NY-NJ",Hunterdon County,NJ,5873,224.04335385184604,75977.0,162617.0,595800.0,0.0226460071513706,47.4,26.21367650068147,0.8369259606373008,"Hunterdon County, NJ"
8293,953.0,953.0,20143,Catharpin,"Washington-Arlington-Alexandria, DC-VA-MD-WV",Prince William County,VA,1070,167.75591501843456,76638.0,176250.0,1057900.0,0.0093457943925233,33.8,6.378314588087212,0.8954423592493298,"Prince William County, VA"
8318,954.0,954.0,10560,North Salem,"New York-Newark-Jersey City, NY-NJ",Westchester County,NY,4918,235.27141387405592,78622.0,193906.0,674000.0,0.0225675963380881,42.9,20.903517001996143,0.7514921323928377,"Westchester County, NY"
8338,955.0,955.0,37014,Arrington,"Nashville-Davidson--Murfreesboro--Franklin, TN",Williamson County,TN,3227,146.92773614198097,81944.0,105125.0,739500.0,0.0393554384877595,50.6,21.96317785010753,0.884255930984903,"Williamson County, TN"
8366,956.0,956.0,85262,Scottsdale,"Phoenix-Mesa-Chandler, AZ",Maricopa County,AZ,14329,92.32427409371108,120343.0,177790.0,1287300.0,0.0768371833344964,61.4,155.20295329325594,0.7310202679491584,"Maricopa County, AZ"
8386,957.0,957.0,81615,Snowmass Village,"Rifle, CO",Pitkin County,CO,2972,117.40669889810871,110529.0,102959.0,1729900.0,0.0171601615074024,59.0,25.313717427480416,0.3589657488247145,"Pitkin County, CO"
8400,958.0,958.0,08525,Hopewell,"Trenton-Princeton, NJ",Mercer County,NJ,4522,201.94376403857083,82186.0,165324.0,572500.0,0.0219366275204963,45.3,22.392372557423,0.847749114820435,"Mercer County, NJ"
8433,959.0,959.0,46301,Beverly Shores,"Chicago-Naperville-Elgin, IL-IN",Porter County,IN,650,147.8549142034186,88550.0,119948.0,606900.0,0.0507692307692307,66.7,4.396201529735636,0.6106032906764168,"Porter County, IN"
8456,960.0,960.0,80439,Evergreen,"Denver-Aurora-Centennial, CO",Jefferson County,CO,24610,145.7917366405233,84076.0,156218.0,900300.0,0.0315484450248959,49.0,168.80243398623162,0.8160828025477707,"Jefferson County, CO"
8470,961.0,961.0,64167,Kansas City,"Kansas City, MO-KS",Clay County,MO,243,140.20520603808993,95744.0,202917.0,391000.0,0.0,58.3,1.7331738732581978,1.0,"Clay County, MO"
8516,962.0,962.0,11954,Montauk,"New York-Newark-Jersey City, NY-NJ",Suffolk County,NY,4223,227.89690126635344,96487.0,142961.0,1356600.0,0.0608301526717557,44.7,18.530308997332035,0.2772082878953108,"Suffolk County, NY"
8520,963.0,963.0,83353,Sun Valley,"Hailey, ID",Blaine County,ID,1450,162.9058569685825,112060.0,126645.0,952100.0,0.06,56.1,8.900846335314036,0.2547247329498767,"Blaine County, ID"
8554,964.0,964.0,08042,Juliustown,"Philadelphia-Camden-Wilmington, PA-NJ-DE-MD",Burlington County,NJ,131,153.2006317874138,131156.0,170912.0,594100.0,0.0763358778625954,40.8,0.8550878574820753,1.0,"Burlington County, NJ"
8624,965.0,965.0,08867,Pittstown,"New York-Newark-Jersey City, NY-NJ",Hunterdon County,NJ,5204,183.70247573705288,82462.0,204583.0,601600.0,0.0184133202742409,46.1,28.32841516762613,0.9166666666666666,"Hunterdon County, NJ"
8663,966.0,966.0,35741,Brownsboro,"Huntsville, AL",Madison County,AL,4571,186.38275403938255,78799.0,124650.0,381900.0,0.0048129512141763,50.8,24.524801254058897,0.8281008749356665,"Madison County, AL"
8693,967.0,967.0,06419,Killingworth,"Hartford-West Hartford-East Hartford, CT",Middlesex County,CT,6240,176.61613882097848,77833.0,140655.0,446200.0,0.0298076923076923,53.3,35.33085957860841,0.8771171171171172,"Middlesex County, CT"
8697,968.0,968.0,80403,Golden,"Denver-Aurora-Centennial, CO",Jefferson County,CO,20732,146.0460596057759,81571.0,151276.0,838000.0,0.0541793423149355,45.6,141.95521642940707,0.8337474587756946,"Jefferson County, CO"
8737,969.0,969.0,02575,West Tisbury,"Vineyard Haven, MA",Dukes County,MA,2718,119.481059332142,94969.0,173417.0,1306300.0,0.0409594095940959,55.7,22.74837547635319,0.4572670207629165,"Dukes County, MA"
8749,970.0,970.0,06371,Old Lyme,"Hartford-West Hartford-East Hartford, CT",New London County,CT,9828,182.00444537098448,85733.0,132045.0,499400.0,0.0295293755767456,52.0,53.99868107598871,0.6597808514460212,"New London County, CT"
8801,971.0,971.0,20197,Waterford,"Washington-Arlington-Alexandria, DC-VA-MD-WV",Loudoun County,VA,1825,124.26858254633756,80988.0,190703.0,1080200.0,0.0986301369863013,48.1,14.68593237811729,0.7707774798927614,"Loudoun County, VA"
8808,972.0,972.0,95033,Los Gatos,"Santa Cruz-Watsonville, CA",Santa Cruz County,CA,9600,107.29392196831252,104535.0,189118.0,1417200.0,0.0354223433242506,45.3,89.47384738937215,0.6933237271853987,"Santa Cruz County, CA"
8921,973.0,973.0,12580,Staatsburg,"Kiryas Joel-Poughkeepsie-Newburgh, NY",Dutchess County,NY,4542,204.7861571879239,77585.0,134583.0,403800.0,0.067341652931481,49.0,22.179233510554095,0.8264462809917356,"Dutchess County, NY"
8932,974.0,974.0,43030,Jacksontown,"Columbus, OH",Licking County,OH,249,121.5482205709816,100511.0,213021.0,610300.0,0.0,46.1,2.0485696855972417,1.0,"Licking County, OH"
9024,975.0,975.0,12775,Rock Hill,"Monticello, NY",Sullivan County,NY,2623,192.8037310396341,81242.0,112600.0,398400.0,0.0530939648586707,50.9,13.604508511615874,0.5990502035278155,"Sullivan County, NY"
9030,976.0,976.0,05677,Waterbury Center,"Barre, VT",Washington County,VT,2290,145.54062904880067,82266.0,157139.0,577200.0,0.0209606986899563,51.5,15.734437970802976,0.7536231884057971,"Washington County, VT"
9100,977.0,977.0,04554,New Harbor,Not in CBSA,Lincoln County,ME,514,126.21640025029866,89882.0,85288.0,501700.0,0.0330739299610894,69.1,4.072370935795119,0.3674351585014409,"Lincoln County, ME"
9104,978.0,978.0,80433,Conifer,"Denver-Aurora-Centennial, CO",Jefferson County,CO,8292,124.7098868517278,76213.0,134402.0,772600.0,0.0300289435600578,49.1,66.49031772323445,0.8773348201839978,"Jefferson County, CO"
9108,979.0,979.0,97703,Bend,"Bend, OR",Deschutes County,OR,34108,126.42079811399108,79492.0,120841.0,990400.0,0.0590911776871713,46.0,269.79737914046,0.6816093381348566,"Deschutes County, OR"
9110,980.0,980.0,08559,Stockton,"New York-Newark-Jersey City, NY-NJ",Hunterdon County,NJ,4836,121.40013886412596,102119.0,179600.0,560600.0,0.0179900744416873,56.0,39.83520978845478,0.905,"Hunterdon County, NJ"
9125,981.0,981.0,18077,Riegelsville,"Philadelphia-Camden-Wilmington, PA-NJ-DE-MD",Bucks County,PA,2203,164.13905908033018,78589.0,97917.0,438800.0,0.0668181818181818,52.9,13.421546415237124,0.7389597644749755,"Bucks County, PA"
9133,982.0,982.0,20779,Tracys Landing,"Baltimore-Columbia-Towson, MD",Anne Arundel County,MD,883,129.43271682244134,86743.0,178452.0,572600.0,0.0124575311438278,57.1,6.822077305317781,0.744466800804829,"Anne Arundel County, MD"
9200,983.0,983.0,49796,Walloon Lake,Not in CBSA,Charlevoix County,MI,359,226.9229648459751,78342.0,87434.0,282300.0,0.0362116991643454,50.2,1.582034679670578,0.4605263157894737,"Charlevoix County, MI"
9243,984.0,984.0,89413,Glenbrook,"Gardnerville Ranchos, NV-CA",Douglas County,NV,737,46.68777154922807,197136.0,232361.0,2000001.0,0.0,64.7,15.785718091575642,0.4728571428571428,"Douglas County, NV"
9289,985.0,985.0,37046,College Grove,"Nashville-Davidson--Murfreesboro--Franklin, TN",Williamson County,TN,7310,102.42896832619344,90404.0,178228.0,979900.0,0.0857691779881981,41.7,71.36652960050039,0.799438004917457,"Williamson County, TN"
9302,986.0,986.0,06057,New Hartford,"Torrington, CT",Litchfield County,CT,6363,172.96586912143394,77717.0,117906.0,380200.0,0.0292314945780292,48.9,36.78760458534589,0.7682462815634729,"Litchfield County, CT"
9325,987.0,987.0,22947,Keswick,"Charlottesville, VA",Albemarle County,VA,5256,108.8073160530616,80379.0,136250.0,789200.0,0.0371357836602551,51.4,48.305575311101585,0.775475687103594,"Albemarle County, VA"
9340,988.0,988.0,10516,Cold Spring,"New York-Newark-Jersey City, NY-NJ",Putnam County,NY,5362,170.27295680932124,77638.0,140225.0,639200.0,0.0563353921018154,47.1,31.49061424947587,0.6330381209087409,"Putnam County, NY"
9351,989.0,989.0,95497,The Sea Ranch,"Santa Rosa-Petaluma, CA",Sonoma County,CA,1275,83.68163119714951,105673.0,138125.0,1381800.0,0.0305882352941176,70.3,15.23631867304507,0.3556395035078251,"Sonoma County, CA"
9520,990.0,990.0,03770,Meriden,"Lebanon-Claremont, NH-VT",Sullivan County,NH,604,137.26263368452567,85280.0,153750.0,594400.0,0.094306049822064,40.1,4.400323553372793,0.8564593301435407,"Sullivan County, NH"
9549,991.0,991.0,02535,Chilmark,"Vineyard Haven, MA",Dukes County,MA,2244,92.09544714959152,92785.0,153966.0,1888000.0,0.0446428571428571,52.3,24.366025351449235,0.33176912247771,"Dukes County, MA"
9559,992.0,992.0,20609,Avenue,"Lexington Park, MD",St. Mary's County,MD,714,71.27966350114913,146472.0,118102.0,568400.0,0.0336134453781512,59.3,10.016882304564882,0.8189189189189189,"St. Mary's County, MD"
9565,993.0,993.0,11932,Bridgehampton,"New York-Newark-Jersey City, NY-NJ",Suffolk County,NY,725,100.12545924450164,171174.0,173672.0,1698100.0,0.0082758620689655,50.6,7.240915601990741,0.1701492537313433,"Suffolk County, NY"
9588,994.0,994.0,06752,Bridgewater,"Bridgeport-Stamford-Danbury, CT",Litchfield County,CT,1658,99.28819746307782,94705.0,159365.0,693000.0,0.0295536791314837,55.9,16.6988629299727,0.754041570438799,"Litchfield County, CT"
9621,995.0,995.0,93066,Somis,"Oxnard-Thousand Oaks-Ventura, CA",Ventura County,CA,2898,68.8635599840602,100725.0,156957.0,1501600.0,0.0607315389924085,52.5,42.08321499310808,0.7202118270079435,"Ventura County, CA"
9701,996.0,996.0,93923,Carmel,"Salinas, CA",Monterey County,CA,12565,61.9812598515846,108086.0,142474.0,1767800.0,0.0820668693009118,59.4,202.7225653380901,0.5647569915829487,"Monterey County, CA"
9724,997.0,997.0,03229,Contoocook,"Concord, NH",Merrimack County,NH,6046,139.55583557484678,77310.0,137386.0,506100.0,0.065275016567263,45.1,43.32316147938795,0.7777312683131017,"Merrimack County, NH"
9767,998.0,998.0,05445,Charlotte,"Burlington-South Burlington, VT",Chittenden County,VT,3916,94.92731136223873,83330.0,144375.0,695300.0,0.0370275791624106,52.2,41.25261680547029,0.8222116301239275,"Chittenden County, VT"
9800,999.0,999.0,54211,Ephraim,Not in CBSA,Door County,WI,403,113.41513694851614,94001.0,100938.0,500000.0,0.0769230769230769,61.8,3.553317580376758,0.2973856209150327,"Door County, WI"
9873,1000.0,1000.0,01254,Richmond,"Pittsfield, MA",Berkshire County,MA,1036,71.6295390634552,103098.0,125893.0,625000.0,0.0581395348837209,62.0,14.463306808134394,0.7521968365553603,"Berkshire County, MA"
9875,1001.0,1001.0,22578,White Stone,Not in CBSA,Lancaster County,VA,2353,125.77094471044776,76021.0,80783.0,441600.0,0.0671483212919677,57.7,18.70861354677045,0.5454545454545454,"Lancaster County, VA"
9905,1002.0,1002.0,63341,Defiance,"St. Louis, MO-IL",St. Charles County,MO,3515,90.51748288668747,91428.0,170598.0,606800.0,0.062090572486471,48.6,38.832277344700174,0.8796102992345164,"St. Charles County, MO"
9933,1003.0,1003.0,06783,Roxbury,"Torrington, CT",Litchfield County,CT,2185,84.04851769411437,107183.0,123864.0,714500.0,0.0366132723112128,54.7,25.99688917717829,0.6217807211184695,"Litchfield County, CT"
9937,1004.0,1004.0,13152,Skaneateles,"Syracuse, NY",Onondaga County,NY,7681,121.38465528664948,78834.0,104211.0,461800.0,0.0838070059484468,51.3,63.278179452430315,0.6533557854221794,"Onondaga County, NY"
9950,1005.0,1005.0,20630,Drayden,"Lexington Park, MD",St. Mary's County,MD,559,80.53146432822429,107189.0,233411.0,618100.0,0.0,56.1,6.941386260178611,0.7509881422924901,"St. Mary's County, MD"
9996,1006.0,1006.0,23354,Franktown,Not in CBSA,Northampton County,VA,433,68.46640867400409,104481.0,206375.0,519100.0,0.0,63.8,6.324269205672609,0.9383259911894272,"Northampton County, VA"
10081,1007.0,1007.0,01262,Stockbridge,"Pittsfield, MA",Berkshire County,MA,1778,90.00593217965394,86548.0,145750.0,622400.0,0.0831908831908831,63.4,19.75425349132622,0.3961084086170952,"Berkshire County, MA"
10083,1008.0,1008.0,68069,Waterloo,"Omaha, NE-IA",Douglas County,NE,3207,107.5884371124438,78248.0,111974.0,365100.0,0.0383536014967259,53.9,29.808035938362696,0.7772543741588156,"Douglas County, NE"
10116,1009.0,1009.0,95699,Drytown,Not in CBSA,Amador County,CA,147,42.10550337521044,144577.0,250001.0,856000.0,0.0,70.2,3.4912300819694284,0.8412698412698413,"Amador County, CA"
10180,1010.0,1010.0,13607,Alexandria Bay,"Watertown-Fort Drum, NY",Jefferson County,NY,2020,123.62382484488832,76652.0,66500.0,176100.0,0.076845806127574,59.6,16.339892432017113,0.3522727272727273,"Jefferson County, NY"
10199,1011.0,1011.0,95683,Sloughhouse,"Sacramento-Roseville-Folsom, CA",Sacramento County,CA,6515,75.43949352012582,77652.0,140457.0,718900.0,0.0396374251037025,56.3,86.3606010061815,0.9584245076586432,"Sacramento County, CA"
10231,1012.0,1012.0,06793,Washington,"Torrington, CT",Litchfield County,CT,1031,70.54788459226233,82038.0,121250.0,1026800.0,0.0573514077163712,59.0,14.61418731346453,0.5882352941176471,"Litchfield County, CT"
10307,1013.0,1013.0,98045,North Bend,"Seattle-Tacoma-Bellevue, WA",King County,WA,15289,88.74435081233158,80541.0,175765.0,938500.0,0.0361043887762443,40.4,172.28138873123063,0.8028879610299234,"King County, WA"
10408,1014.0,1014.0,06794,Washington Depot,"Torrington, CT",Litchfield County,CT,1282,98.60579342974944,75711.0,96979.0,733100.0,0.0569422776911076,49.0,13.001264483646654,0.5771065182829889,"Litchfield County, CT"
10424,1015.0,1015.0,01541,Princeton,"Worcester, MA",Worcester County,MA,3529,99.59991791900552,78965.0,158750.0,520500.0,0.0416903006239364,46.1,35.431756107166436,0.884968242766408,"Worcester County, MA"
10481,1016.0,1016.0,11930,Amagansett,"New York-Newark-Jersey City, NY-NJ",Suffolk County,NY,842,98.02707952451571,90751.0,123257.0,1881000.0,0.005938242280285,59.1,8.589463279781002,0.1334651507661888,"Suffolk County, NY"
10513,1017.0,1017.0,03780,Pike,"Lebanon-Claremont, NH-VT",Grafton County,NH,1071,54.05680327165854,153359.0,189550.0,617800.0,0.0756218905472636,54.2,19.812492326225197,0.7894736842105263,"Grafton County, NH"
10532,1018.0,1018.0,94574,Saint Helena,"Napa, CA",Napa County,CA,7457,59.991873886611664,109819.0,139474.0,1637800.0,0.0491309703024497,50.0,124.30016795431642,0.5139056831922612,"Napa County, CA"
10567,1019.0,1019.0,98243,Deer Harbor,Not in CBSA,San Juan County,WA,327,107.83152915280884,89368.0,139167.0,1094800.0,0.036697247706422,46.2,3.0325082336225235,0.2735042735042735,"San Juan County, WA"
10570,1020.0,1020.0,43432,Graytown,"Sandusky, OH",Ottawa County,OH,1357,62.43467944757878,177956.0,152411.0,244700.0,0.0,48.2,21.734715578052423,0.8936170212765957,"Ottawa County, OH"
10573,1021.0,1021.0,05486,South Hero,"Burlington-South Burlington, VT",Grand Isle County,VT,1500,103.23790942559108,77987.0,126513.0,544700.0,0.0366666666666666,52.4,14.529546446125275,0.5260570304818093,"Grand Isle County, VT"
10619,1022.0,1022.0,97231,Portland,"Portland-Vancouver-Hillsboro, OR-WA",Multnomah County,OR,4308,68.66686468504038,76483.0,137527.0,858200.0,0.043984175005818,51.7,62.737683157077825,0.8095238095238095,"Multnomah County, OR"
10640,1023.0,1023.0,95452,Kenwood,"Santa Rosa-Petaluma, CA",Sonoma County,CA,1762,107.4793406852578,77821.0,118986.0,948400.0,0.0445205479452054,35.6,16.393848238796288,0.5785997357992074,"Sonoma County, CA"
10719,1024.0,1024.0,94924,Bolinas,"San Francisco-Oakland-Fremont, CA",Marin County,CA,1372,49.97708402022882,93267.0,101458.0,2000001.0,0.0881924198250728,61.8,27.452582056301377,0.4634831460674157,"Marin County, CA"
10727,1025.0,1025.0,03750,Etna,"Lebanon-Claremont, NH-VT",Grafton County,NH,1116,70.66748025711519,97046.0,250001.0,881000.0,0.0,40.7,15.792271012629392,0.7734204793028322,"Grafton County, NH"
10762,1026.0,1026.0,96140,Carnelian Bay,"Sacramento-Roseville-Folsom, CA",Placer County,CA,1171,113.20701429395758,101805.0,181875.0,932200.0,0.0392826643894107,45.3,10.343882022710511,0.2488452655889145,"Placer County, CA"
10794,1027.0,1027.0,13651,Henderson Harbor,"Watertown-Fort Drum, NY",Jefferson County,NY,147,69.04545777679768,76079.0,116705.0,332400.0,0.0408163265306122,68.5,2.1290321584253222,0.5985915492957746,"Jefferson County, NY"
10814,1028.0,1028.0,06756,Goshen,"Torrington, CT",Litchfield County,CT,3037,82.81113103441349,91050.0,160815.0,478200.0,0.0266710569641093,51.4,36.673813798508874,0.6980539861895794,"Litchfield County, CT"
10815,1029.0,1029.0,02543,Woods Hole,"Barnstable Town, MA",Barnstable County,MA,747,65.97411295569587,83035.0,72349.0,925200.0,0.0098870056497175,68.5,11.322622867269756,0.3060156931124673,"Barnstable County, MA"
10819,1030.0,1030.0,80116,Franktown,"Denver-Aurora-Centennial, CO",Douglas County,CO,5132,55.62357014468248,75026.0,146000.0,960400.0,0.0286274509803921,52.2,92.26304580326564,0.9093686354378818,"Douglas County, CO"
11006,1031.0,1031.0,06439,Hadlyme,"Hartford-West Hartford-East Hartford, CT",New London County,CT,65,82.82504095759597,90218.0,187083.0,662500.0,0.0,32.2,0.7847868138487021,1.0,"New London County, CT"
11057,1032.0,1032.0,94923,Bodega Bay,"Santa Rosa-Petaluma, CA",Sonoma County,CA,1483,76.74241930493375,84062.0,147546.0,1186500.0,0.0157750342935528,53.4,19.324384264031902,0.3428377460964019,"Sonoma County, CA"
11141,1033.0,1033.0,12844,Kattskill Bay,"Glens Falls, NY",Washington County,NY,172,57.05216128094046,84843.0,133750.0,1142000.0,0.0858895705521472,70.9,3.014784999169881,0.2103746397694524,"Washington County, NY"
11151,1034.0,1034.0,03586,Sugar Hill,"Lebanon-Claremont, NH-VT",Grafton County,NH,658,39.346341026888474,168007.0,154091.0,639700.0,0.0091185410334346,60.8,16.723283101479158,0.5462555066079295,"Grafton County, NH"
11208,1035.0,1035.0,06090,West Granby,"Hartford-West Hartford-East Hartford, CT",Hartford County,CT,1136,85.72289846046412,102534.0,151118.0,444400.0,0.0176056338028169,40.7,13.252001745180484,0.8901098901098901,"Hartford County, CT"
11240,1036.0,1036.0,89440,Virginia City,"Reno, NV",Storey County,NV,822,65.90144387365217,76701.0,159438.0,456900.0,0.0451770451770451,58.2,12.473171324985811,0.8771929824561403,"Storey County, NV"
11279,1037.0,1037.0,12743,Highland Lake,"Monticello, NY",Sullivan County,NY,279,37.16542501988891,203332.0,86053.0,270800.0,0.0,60.1,7.506977247016398,0.549800796812749,"Sullivan County, NY"
11287,1038.0,1038.0,64166,Kansas City,"Kansas City, MO-KS",Clay County,MO,270,54.911181429662456,88526.0,163214.0,444200.0,0.0851851851851851,55.6,4.917031339889343,1.0,"Clay County, MO"
11318,1039.0,1039.0,05058,Post Mills,"Lebanon-Claremont, NH-VT",Orange County,VT,128,43.156980738883895,103634.0,76758.0,442200.0,0.0,71.3,2.9659164707199643,0.8672566371681416,"Orange County, VT"
11326,1040.0,1040.0,20692,Valley Lee,"Lexington Park, MD",St. Mary's County,MD,505,70.24970362830284,79189.0,201250.0,468000.0,0.0019801980198019,59.1,7.188642427190839,0.6178343949044586,"St. Mary's County, MD"
11362,1041.0,1041.0,05055,Norwich,"Lebanon-Claremont, NH-VT",Windsor County,VT,3463,86.25183659834738,76199.0,142684.0,632400.0,0.0254114929252093,42.0,40.14986969061657,0.6390927284856571,"Windsor County, VT"
11429,1042.0,1042.0,48028,Harsens Island,"Detroit-Warren-Dearborn, MI",St. Clair County,MI,1272,71.56238496848725,76531.0,109730.0,390800.0,0.0487421383647798,65.6,17.774701060621855,0.4229074889867841,"St. Clair County, MI"
11440,1043.0,1043.0,21662,Royal Oak,"Easton, MD",Talbot County,MD,546,65.23751091551766,82849.0,137404.0,1107100.0,0.0934065934065934,46.5,8.369418028641038,0.4536082474226804,"Talbot County, MD"
11456,1044.0,1044.0,12545,Millbrook,"Kiryas Joel-Poughkeepsie-Newburgh, NY",Dutchess County,NY,4338,76.56969753604861,82433.0,101354.0,516900.0,0.0901542111506524,56.4,56.65426584658628,0.5416133162612036,"Dutchess County, NY"
11525,1045.0,1045.0,04564,Round Pond,Not in CBSA,Lincoln County,ME,520,69.12575243451339,87051.0,132604.0,578500.0,0.0038461538461538,58.8,7.5225220946799025,0.3527508090614886,"Lincoln County, ME"
11564,1046.0,1046.0,12136,Old Chatham,"Hudson, NY",Columbia County,NY,1043,50.936393457039934,108085.0,148750.0,471900.0,0.0441035474592521,57.8,20.47651844215615,0.7471074380165289,"Columbia County, NY"
11586,1047.0,1047.0,80118,Larkspur,"Denver-Aurora-Centennial, CO",Douglas County,CO,5632,42.98378102473005,87487.0,158155.0,886900.0,0.0252265055960206,54.0,131.0261653519898,0.9158590308370044,"Douglas County, CO"
11598,1048.0,1048.0,87544,Los Alamos,"Los Alamos, NM",Los Alamos County,NM,13598,102.22891221894147,75942.0,138583.0,488300.0,0.039917055469155,38.6,133.01520778072504,0.6469116497263487,"Los Alamos County, NM"
11604,1049.0,1049.0,29915,Daufuskie Island,"Hilton Head Island-Bluffton-Port Royal, SC",Beaufort County,SC,619,57.47426480473244,86556.0,156090.0,576400.0,0.0759289176090468,59.5,10.770037722153369,0.5432098765432098,"Beaufort County, SC"
11622,1050.0,1050.0,93908,Salinas,"Salinas, CA",Monterey County,CA,12450,51.67054205106857,75550.0,156394.0,1091700.0,0.0499114474319755,42.0,240.94966891764065,0.7912621359223301,"Monterey County, CA"
11697,1051.0,1051.0,20617,Bryantown,"Washington-Arlington-Alexandria, DC-VA-MD-WV",Charles County,MD,334,55.62468668955639,96600.0,104036.0,501800.0,0.0,51.5,6.004528202811594,1.0,"Charles County, MD"
11714,1052.0,1052.0,97125,Manning,"Portland-Vancouver-Hillsboro, OR-WA",Washington County,OR,248,48.31999285037076,89288.0,250001.0,1166700.0,0.032258064516129,22.6,5.132451090544751,1.0,"Washington County, OR"
11790,1053.0,1053.0,23039,Crozier,"Richmond, VA",Goochland County,VA,938,61.16058076568815,76899.0,156250.0,407000.0,0.0031982942430703,56.4,15.336675817281147,0.7978494623655914,"Goochland County, VA"
11791,1054.0,1054.0,12195,West Lebanon,"Hudson, NY",Columbia County,NY,162,206.68498816278316,80988.0,148815.0,229600.0,0.0,28.5,0.7838014818590033,0.8160919540229885,"Columbia County, NY"
11838,1055.0,1055.0,06039,Lakeville,"Torrington, CT",Litchfield County,CT,1918,88.6752075060384,77990.0,104859.0,754500.0,0.0437956204379562,41.1,21.62949548067753,0.4077578051087985,"Litchfield County, CT"
11881,1056.0,1056.0,22716,Castleton,"Washington-Arlington-Alexandria, DC-VA-MD-WV",Rappahannock County,VA,1200,47.34655145079579,84724.0,141458.0,581000.0,0.0866666666666666,59.3,25.34503492291476,0.9327586206896552,"Rappahannock County, VA"
11921,1057.0,1057.0,93441,Los Olivos,"Santa Maria-Santa Barbara, CA",Santa Barbara County,CA,1134,29.36454585872732,78780.0,142760.0,1503100.0,0.0976042590949423,58.9,38.61799891119271,0.8305084745762712,"Santa Barbara County, CA"
11934,1058.0,1058.0,83025,Teton Village,"Jackson, WY-ID",Teton County,WY,799,57.51571459592832,173468.0,106611.0,2000001.0,0.0125156445556946,39.5,13.89185556700991,0.1643489254108723,"Teton County, WY"
12038,1059.0,1059.0,01266,West Stockbridge,"Pittsfield, MA",Berkshire County,MA,1000,49.48031994824376,90095.0,100417.0,563400.0,0.09,58.0,20.210055251178577,0.5321428571428571,"Berkshire County, MA"
12045,1060.0,1060.0,96161,Truckee,"Truckee-Grass Valley, CA",Nevada County,CA,19634,74.7559366335511,83133.0,131702.0,991400.0,0.0830698623151453,43.2,262.64134842219465,0.3202617856762796,"Nevada County, CA"
12080,1061.0,1061.0,29941,Sheldon,"Hilton Head Island-Bluffton-Port Royal, SC",Beaufort County,SC,329,21.818902436167157,100086.0,119886.0,2000001.0,0.0668693009118541,70.9,15.078668643508276,0.5728476821192053,"Beaufort County, SC"
12178,1062.0,1062.0,31561,Sea Island,"Brunswick-St. Simons, GA",Glynn County,GA,96,20.34244890846272,191870.0,250001.0,2000001.0,0.0,69.6,4.719195827010915,0.1072386058981233,"Glynn County, GA"
12201,1063.0,1063.0,12457,Mount Tremper,"Kingston, NY",Ulster County,NY,1041,90.9827885933,76949.0,90667.0,435700.0,0.0461095100864553,38.2,11.441724485422723,0.6607717041800643,"Ulster County, NY"
12243,1064.0,1064.0,49636,Glen Arbor,"Traverse City, MI",Leelanau County,MI,643,47.524127426347555,84511.0,119688.0,741900.0,0.078003120124805,66.3,13.529969613782292,0.224537037037037,"Leelanau County, MI"
12255,1065.0,1065.0,93924,Carmel Valley,"Salinas, CA",Monterey County,CA,6316,33.774213915227904,90194.0,148563.0,1222600.0,0.0513389320234511,55.3,187.00657299835137,0.7115513767629281,"Monterey County, CA"
12362,1066.0,1066.0,06785,South Kent,"Torrington, CT",Litchfield County,CT,818,52.44179527863106,87278.0,118688.0,761000.0,0.0278481012658227,48.2,15.598245553071632,0.5366876310272537,"Litchfield County, CT"
12470,1067.0,1067.0,04675,Seal Harbor,Not in CBSA,Hancock County,ME,123,39.68231232293956,113342.0,250001.0,560300.0,0.032520325203252,63.8,3.0996177591419274,0.2905982905982906,"Hancock County, ME"
12583,1068.0,1068.0,05091,Woodstock,"Lebanon-Claremont, NH-VT",Windsor County,VT,3443,51.020940959418034,76992.0,112396.0,572200.0,0.090721649484536,56.2,67.48209529766524,0.5267317526731753,"Windsor County, VT"
12618,1069.0,1069.0,94020,La Honda,"San Francisco-Oakland-Fremont, CA",San Mateo County,CA,1694,40.361766634316425,127901.0,250001.0,995900.0,0.0472533963378617,46.8,41.97041262707578,0.5763888888888888,"San Mateo County, CA"
12654,1070.0,1070.0,24412,Bacova,Not in CBSA,Bath County,VA,205,60.91008938600167,119486.0,250001.0,224000.0,0.0,42.5,3.3656164695616586,1.0,"Bath County, VA"
12799,1071.0,1071.0,20842,Dickerson,"Washington-Arlington-Alexandria, DC-VA-MD-WV",Montgomery County,MD,2369,42.56895100357409,82106.0,204013.0,745800.0,0.0122414520894892,48.5,55.650889771775184,0.7730994152046784,"Montgomery County, MD"
12947,1072.0,1072.0,28741,Highlands,Not in CBSA,Macon County,NC,4257,47.165932090887885,77146.0,70392.0,631000.0,0.0789279567248586,63.0,90.2558226093537,0.2887139107611549,"Macon County, NC"
12980,1073.0,1073.0,01029,East Otis,"Pittsfield, MA",Berkshire County,MA,539,54.05955352687468,75804.0,107679.0,467600.0,0.0055658627087198,58.8,9.970485600330504,0.2535991140642303,"Berkshire County, MA"
12990,1074.0,1074.0,83001,Jackson,"Jackson, WY-ID",Teton County,WY,17445,36.23552565003859,81247.0,124717.0,1669100.0,0.0464834974943839,38.9,481.4336120988884,0.4568516672205605,"Teton County, WY"
13016,1075.0,1075.0,22940,Free Union,"Charlottesville, VA",Albemarle County,VA,1066,30.454064851412348,80117.0,204706.0,1359400.0,0.0737547892720306,43.3,35.00353746539562,0.6376470588235295,"Albemarle County, VA"
13017,1076.0,1076.0,27927,Corolla,"Virginia Beach-Chesapeake-Norfolk, VA-NC",Currituck County,NC,1199,45.097904587126706,90041.0,120568.0,714700.0,0.0667222685571309,63.4,26.58660110656798,0.1151241534988713,"Currituck County, NC"
13047,1077.0,1077.0,81657,Vail,"Edwards, CO",Eagle County,CO,4835,41.50157497902833,105358.0,100573.0,1501800.0,0.0634953464322647,49.4,116.50160270889076,0.2245363766048502,"Eagle County, CO"
13095,1078.0,1078.0,72135,Roland,"Little Rock-North Little Rock-Conway, AR",Pulaski County,AR,3239,43.99230810610442,86948.0,102500.0,319200.0,0.026242667489966,49.7,73.62650743825266,0.8784982935153584,"Pulaski County, AR"
13360,1079.0,1079.0,06753,Cornwall,"Torrington, CT",Litchfield County,CT,91,33.83259025946649,90096.0,250001.0,580900.0,0.0,61.3,2.6897142460009498,0.527027027027027,"Litchfield County, CT"
13362,1080.0,1080.0,35649,Mooresville,"Huntsville, AL",Limestone County,AL,81,31.96403358133399,92385.0,144000.0,389500.0,0.0,56.8,2.534098201151356,0.918918918918919,"Limestone County, AL"
13416,1081.0,1081.0,61884,White Heath,"Champaign-Urbana, IL",Piatt County,IL,973,40.37487285022963,83771.0,106250.0,258300.0,0.0236382322713257,54.3,24.099147100954056,0.9380733944954128,"Piatt County, IL"
13433,1082.0,1082.0,97753,Powell Butte,"Bend, OR",Crook County,OR,3067,28.202132688519423,81640.0,158125.0,754800.0,0.0472774698402347,63.1,108.75064073606464,0.7262532981530343,"Crook County, OR"
13590,1083.0,1083.0,94946,Nicasio,"San Francisco-Oakland-Fremont, CA",Marin County,CA,715,19.20910831729024,95224.0,154688.0,2000001.0,0.0867709815078236,49.1,37.22192556728018,0.6945337620578779,"Marin County, CA"
13617,1084.0,1084.0,94021,Loma Mar,"San Francisco-Oakland-Fremont, CA",San Mateo County,CA,321,29.27592280836974,114055.0,250001.0,1073100.0,0.0,46.8,10.964641562322637,0.6571428571428571,"San Mateo County, CA"
13618,1085.0,1085.0,03227,Center Sandwich,Not in CBSA,Carroll County,NH,1388,26.979968392610687,108247.0,146917.0,452000.0,0.0576368876080691,63.3,51.44557546554234,0.6617357001972387,"Carroll County, NH"
13745,1086.0,1086.0,95837,Sacramento,"Sacramento-Roseville-Folsom, CA",Sacramento County,CA,317,22.048951207829468,90362.0,193500.0,1162500.0,0.0063091482649842,55.6,14.3771010698883,0.7578125,"Sacramento County, CA"
13756,1087.0,1087.0,20144,Delaplane,"Washington-Arlington-Alexandria, DC-VA-MD-WV",Fauquier County,VA,1340,30.041260886774772,88555.0,192614.0,698200.0,0.0552238805970149,58.9,44.60531816725161,0.6740858505564388,"Fauquier County, VA"
13807,1088.0,1088.0,94937,Inverness,"San Francisco-Oakland-Fremont, CA",Marin County,CA,1009,17.948763171655973,116853.0,78281.0,1791700.0,0.0634291377601585,65.1,56.21557264699864,0.5287081339712919,"Marin County, CA"
13831,1089.0,1089.0,24059,Bent Mountain,"Roanoke, VA",Roanoke County,VA,893,35.01094691408556,76950.0,73237.0,253900.0,0.0167973124300112,61.5,25.506308132463833,0.8505050505050505,"Roanoke County, VA"
13967,1090.0,1090.0,02873,Rockville,"Providence-Warwick, RI-MA",Washington County,RI,124,32.98696950100699,83970.0,46406.0,360200.0,0.0,66.4,3.7590600735910176,0.4825581395348837,"Washington County, RI"
14050,1091.0,1091.0,01245,Monterey,"Pittsfield, MA",Berkshire County,MA,692,26.75310763440045,85832.0,136875.0,629900.0,0.0563583815028901,70.3,25.86615392337422,0.322875816993464,"Berkshire County, MA"
14151,1092.0,1092.0,03768,Lyme,"Lebanon-Claremont, NH-VT",Grafton County,NH,1710,31.808294863119738,88322.0,133906.0,645000.0,0.0444444444444444,48.6,53.75956200603091,0.6646634615384616,"Grafton County, NH"
14199,1093.0,1093.0,85263,Rio Verde,"Phoenix-Mesa-Chandler, AZ",Maricopa County,AZ,3472,18.43378829224638,100515.0,145053.0,851000.0,0.0630760368663594,68.7,188.34978165938864,0.721363456202933,"Maricopa County, AZ"
14244,1094.0,1094.0,22943,Greenwood,"Charlottesville, VA",Albemarle County,VA,402,34.950226332440984,84492.0,80875.0,812500.0,0.0348258706467661,47.3,11.502071436569253,0.4574898785425101,"Albemarle County, VA"
14462,1095.0,1095.0,93626,Friant,"Fresno, CA",Fresno County,CA,3304,33.20838691734081,78055.0,173788.0,631600.0,0.0473846153846153,38.3,99.49293858277446,0.8910505836575876,"Fresno County, CA"
14489,1096.0,1096.0,22627,Flint Hill,"Washington-Arlington-Alexandria, DC-VA-MD-WV",Rappahannock County,VA,945,29.49170932199714,76152.0,97054.0,1025300.0,0.0359788359788359,48.2,32.0429036405546,0.5520581113801453,"Rappahannock County, VA"
14518,1097.0,1097.0,81611,Aspen,"Rifle, CO",Pitkin County,CO,9068,29.674737186092756,115065.0,82664.0,988000.0,0.0950116137595398,44.3,305.5797914277661,0.3949504057709648,"Pitkin County, CO"
14686,1098.0,1098.0,95465,Occidental,"Santa Rosa-Petaluma, CA",Sonoma County,CA,1203,25.021563863054887,92740.0,120781.0,1079500.0,0.080168776371308,57.7,48.078529646832614,0.386801099908341,"Sonoma County, CA"
14821,1099.0,1099.0,12529,Hillsdale,"Hudson, NY",Columbia County,NY,2410,35.4001838963256,75411.0,70750.0,384600.0,0.097286012526096,56.1,68.07874238896676,0.4759162303664921,"Columbia County, NY"
15108,1100.0,1100.0,94586,Sunol,"San Francisco-Oakland-Fremont, CA",Alameda County,CA,971,17.424481715472062,93021.0,204931.0,1511000.0,0.0434332988624612,42.4,55.72619122081552,0.7381615598885793,"Alameda County, CA"
15112,1101.0,1101.0,28774,Sapphire,Not in CBSA,Jackson County,NC,1451,26.65323050735852,83680.0,154635.0,797900.0,0.0317022742935906,63.2,54.43992988389917,0.2179083595662819,"Jackson County, NC"
15219,1102.0,1102.0,80466,Nederland,"Boulder, CO",Boulder County,CO,3599,31.06924076625199,86022.0,100962.0,731700.0,0.0891808778305842,43.6,115.83804145961952,0.5435643564356436,"Boulder County, CO"
15368,1103.0,1103.0,80443,Frisco,"Breckenridge, CO",Summit County,CO,3992,39.08983997704161,80215.0,108710.0,909000.0,0.0316488004083716,44.1,102.12372325761876,0.2392439243924392,"Summit County, CO"
15454,1104.0,1104.0,81435,Telluride,Not in CBSA,San Miguel County,CO,5876,30.77250401514764,83123.0,83076.0,982600.0,0.0910641200545702,41.7,190.94968667832697,0.3824857647751816,"San Miguel County, CO"
15729,1105.0,1105.0,13355,Hubbardsville,"Syracuse, NY",Madison County,NY,780,24.006264040620152,178478.0,53988.0,229200.0,0.0974358974358974,41.7,32.49151965837706,0.710455764075067,"Madison County, NY"
15749,1106.0,1106.0,22639,Hume,"Washington-Arlington-Alexandria, DC-VA-MD-WV",Fauquier County,VA,606,18.538674707485946,91377.0,87344.0,633600.0,0.0,54.6,32.68842080471353,0.901818181818182,"Fauquier County, VA"
15838,1107.0,1107.0,26590,Wana,"Morgantown, WV",Monongalia County,WV,550,22.945388379540645,75398.0,101513.0,340700.0,0.0,62.5,23.96995818516674,0.5511221945137157,"Monongalia County, WV"
16207,1108.0,1108.0,01264,Tyringham,"Pittsfield, MA",Berkshire County,MA,188,12.93006795720708,93239.0,93750.0,916700.0,0.0531914893617021,66.3,14.53975343534145,0.5342465753424658,"Berkshire County, MA"
16325,1109.0,1109.0,22935,Dyke,"Charlottesville, VA",Greene County,VA,575,25.84479709469518,78789.0,118073.0,475900.0,0.0246045694200351,47.9,22.248191691859812,0.5852417302798982,"Greene County, VA"
16484,1110.0,1110.0,59716,Big Sky,"Bozeman, MT",Gallatin County,MT,1795,27.726839529228343,101242.0,141716.0,1094900.0,0.0573816155988857,40.4,64.73871636570026,0.2611888111888112,"Gallatin County, MT"
16615,1111.0,1111.0,32830,Orlando,"Orlando-Kissimmee-Sanford, FL",Orange County,FL,197,8.391157048372182,99042.0,250001.0,2000001.0,0.0,56.1,23.4770960505639,0.6435643564356436,"Orange County, FL"
16740,1112.0,1112.0,68517,Lincoln,"Lincoln, NE",Lancaster County,NE,415,15.827417386518627,89851.0,147209.0,529100.0,0.0,44.8,26.22032324449129,1.0,"Lancaster County, NE"
17467,1113.0,1113.0,12421,Denver,Not in CBSA,Delaware County,NY,261,15.183042175100308,82560.0,100819.0,372200.0,0.0842911877394636,70.3,17.19023085031216,0.3085399449035813,"Delaware County, NY"
17530,1114.0,1114.0,80455,Jamestown,"Boulder, CO",Boulder County,CO,501,15.506617115504731,83525.0,169286.0,622400.0,0.0259481037924151,48.5,32.308787678716904,0.7782258064516129,"Boulder County, CO"
17536,1115.0,1115.0,57075,Wentworth,Not in CBSA,Lake County,SD,1296,16.221517236747935,87738.0,106763.0,426800.0,0.0540123456790123,56.8,79.8938829879652,0.5551181102362205,"Lake County, SD"
17578,1116.0,1116.0,67120,Peck,"Wichita, KS",Sumner County,KS,575,14.801360404573604,85503.0,96250.0,239100.0,0.0260869565217391,59.6,38.84778049336098,0.7425287356321839,"Sumner County, KS"
17775,1117.0,1117.0,96141,Homewood,"Sacramento-Roseville-Folsom, CA",Placer County,CA,609,21.097258710081245,87983.0,125662.0,1049100.0,0.0361247947454844,52.2,28.866309522430587,0.1376811594202898,"Placer County, CA"
17792,1118.0,1118.0,95441,Geyserville,"Santa Rosa-Petaluma, CA",Sonoma County,CA,1648,10.485444068335775,91438.0,126806.0,1282300.0,0.0825977301387137,57.2,157.17026281954756,0.5254988913525499,"Sonoma County, CA"
17931,1119.0,1119.0,80135,Sedalia,"Denver-Aurora-Centennial, CO",Douglas County,CO,4141,11.122308382143707,75216.0,136083.0,880500.0,0.0702728809466312,54.9,372.3147981266337,0.7813319349764027,"Douglas County, CO"
18212,1120.0,1120.0,98614,Chinook,Not in CBSA,Pacific County,WA,571,18.35579721679021,77292.0,94219.0,337300.0,0.0227670753064798,50.9,31.10733863837312,0.6483516483516484,"Pacific County, WA"
18416,1121.0,1121.0,50232,Reasnor,"Des Moines-West Des Moines, IA",Jasper County,IA,569,16.605867980727062,94701.0,87667.0,264200.0,0.0123022847100175,47.5,34.264996003845575,0.6767241379310345,"Jasper County, IA"
18478,1122.0,1122.0,08321,Fortescue,"Vineland, NJ",Cumberland County,NJ,133,15.040883923766827,92295.0,105074.0,173200.0,0.0,60.4,8.842565415310483,0.225563909774436,"Cumberland County, NJ"
18632,1123.0,1123.0,12777,Forestburgh,"Monticello, NY",Sullivan County,NY,695,15.558553626739604,91026.0,137500.0,353800.0,0.0218978102189781,51.0,44.6699620461855,0.5762376237623762,"Sullivan County, NY"
19383,1124.0,1124.0,21669,Taylors Island,"Cambridge, MD",Dorchester County,MD,160,10.828185635640338,90597.0,116500.0,468000.0,0.0,58.3,14.776252031861128,0.5149700598802395,"Dorchester County, MD"
19414,1125.0,1125.0,95698,Zamora,"Sacramento-Roseville-Folsom, CA",Yolo County,CA,217,5.652469111590508,97675.0,143182.0,851700.0,0.0829493087557603,73.0,38.39030266526125,0.9098360655737704,"Yolo County, CA"
19495,1126.0,1126.0,23876,Rawlings,Not in CBSA,Brunswick County,VA,252,6.992473088120436,102153.0,55469.0,411800.0,0.0,67.2,36.038751500971046,1.0,"Brunswick County, VA"
19703,1127.0,1127.0,83340,Ketchum,"Hailey, ID",Blaine County,ID,5325,9.54808218589157,82711.0,93556.0,958600.0,0.0672443021284611,58.5,557.7036200911973,0.3590416229450857,"Blaine County, ID"
19710,1128.0,1128.0,52079,Zwingle,Not in CBSA,Jackson County,IA,995,16.774793185376446,75837.0,101120.0,237800.0,0.0965447154471544,44.3,59.31518731732555,0.9177777777777778,"Jackson County, IA"
19726,1129.0,1129.0,83836,Hope,"Sandpoint, ID",Bonner County,ID,980,10.471279315605896,75129.0,97083.0,511900.0,0.0387755102040816,59.5,93.58932853022598,0.5806010928961749,"Bonner County, ID"
19739,1130.0,1130.0,84061,Peoa,"Heber, UT",Summit County,UT,422,7.702796196008554,76968.0,177500.0,850400.0,0.0545023696682464,54.2,54.785299943243025,0.771689497716895,"Summit County, UT"
19743,1131.0,1131.0,76452,Energy,Not in CBSA,Comanche County,TX,142,5.991343421814133,121400.0,141528.0,1263400.0,0.0,56.2,23.700861393287234,0.5247524752475248,"Comanche County, TX"
20059,1132.0,1132.0,80481,Ward,"Boulder, CO",Boulder County,CO,484,11.085128689232237,79168.0,116563.0,710700.0,0.0557851239669421,47.4,43.662100239769266,0.5658198614318707,"Boulder County, CO"
20162,1133.0,1133.0,82640,Linch,Not in CBSA,Johnson County,WY,175,6.856525459515672,114843.0,250001.0,610500.0,0.0,47.9,25.523131363441557,1.0,"Johnson County, WY"
20269,1134.0,1134.0,22437,Center Cross,Not in CBSA,Essex County,VA,582,15.623511127423336,99594.0,130139.0,262000.0,0.0154639175257731,45.2,37.2515496198827,0.3301435406698564,"Essex County, VA"
20406,1135.0,1135.0,04645,Isle Au Haut,Not in CBSA,Knox County,ME,69,5.510903357143287,128106.0,49500.0,593800.0,0.0289855072463768,71.4,12.520633284298397,0.2681159420289855,"Knox County, ME"
20437,1136.0,1136.0,03259,North Sandwich,Not in CBSA,Carroll County,NH,252,7.574091549382564,87307.0,84872.0,396500.0,0.0,66.0,33.27131687767134,0.6531531531531531,"Carroll County, NH"
20510,1137.0,1137.0,83287,Fish Haven,Not in CBSA,Bear Lake County,ID,255,9.246840174712402,90256.0,102059.0,703100.0,0.0,63.0,27.576987942038382,0.1419284940411701,"Bear Lake County, ID"
20900,1138.0,1138.0,80510,Allenspark,"Boulder, CO",Boulder County,CO,663,10.06367301952996,75326.0,101250.0,771100.0,0.06184012066365,54.8,65.8805188437021,0.3278061224489796,"Boulder County, CO"
21303,1139.0,1139.0,95450,Jenner,"Santa Rosa-Petaluma, CA",Sonoma County,CA,224,5.992789473813058,106291.0,123125.0,871100.0,0.0,65.1,37.378252811786915,0.2990353697749196,"Sonoma County, CA"
21700,1140.0,1140.0,76263,Rosston,"Gainesville, TX",Cooke County,TX,35,8.784221287646808,79083.0,178182.0,143200.0,0.0,57.0,3.984416928250688,1.0,"Cooke County, TX"
21749,1141.0,1141.0,68324,Burr,Not in CBSA,Otoe County,NE,162,5.6024960432669575,126578.0,83665.0,185200.0,0.0555555555555555,58.3,28.915683072135412,0.9,"Otoe County, NE"
21893,1142.0,1142.0,12858,Paradox,Not in CBSA,Essex County,NY,118,6.865068403745482,89529.0,124167.0,333300.0,0.0,65.7,17.188466750836877,0.225,"Essex County, NY"
22064,1143.0,1143.0,84742,Kanarraville,"Cedar City, UT",Iron County,UT,386,6.738378158576406,88295.0,138929.0,497600.0,0.0389610389610389,52.8,57.28381383711906,0.5986159169550173,"Iron County, UT"
22304,1144.0,1144.0,78663,Round Mountain,Not in CBSA,Blanco County,TX,503,4.636858924959628,100059.0,168125.0,356800.0,0.0357852882703777,65.4,108.47860763941172,0.7951388888888888,"Blanco County, TX"
22511,1145.0,1145.0,89430,Smith,"Reno, NV",Lyon County,NV,175,5.374648605421824,80166.0,175293.0,660400.0,0.0,54.8,32.56026818636365,0.6666666666666666,"Lyon County, NV"
22550,1146.0,1146.0,94940,Marshall,"San Francisco-Oakland-Fremont, CA",Marin County,CA,148,5.647923930545886,82401.0,47021.0,2000001.0,0.0,57.4,26.204318935594348,0.228395061728395,"Marin County, CA"
22628,1147.0,1147.0,05152,Peru,"Bennington, VT",Bennington County,VT,448,12.18503638108315,76081.0,129500.0,392000.0,0.0178571428571428,45.5,36.766406434001674,0.2014492753623188,"Bennington County, VT"
22888,1148.0,1148.0,98940,Ronald,"Ellensburg, WA",Kittitas County,WA,858,5.367573555288903,107691.0,246441.0,612800.0,0.0,55.0,159.84876428094316,0.3088372093023255,"Kittitas County, WA"
22947,1149.0,1149.0,38772,Scott,"Cleveland, MS",Bolivar County,MS,87,5.2042190990936055,207716.0,181375.0,191300.0,0.0,40.8,16.717205471835797,1.0,"Bolivar County, MS"
23199,1150.0,1150.0,50863,Tingley,Not in CBSA,Ringgold County,IA,194,7.054420856501202,88025.0,66125.0,93500.0,0.0463917525773195,54.8,27.500485716161062,0.7184466019417476,"Ringgold County, IA"
23352,1151.0,1151.0,12492,West Kill,Not in CBSA,Greene County,NY,298,7.258163817771669,87406.0,150833.0,447000.0,0.0134228187919463,46.3,41.057216051027225,0.4078549848942598,"Greene County, NY"
23399,1152.0,1152.0,51047,Peterson,"Spencer, IA",Clay County,IA,693,9.047335398796797,77940.0,101000.0,130300.0,0.0441176470588235,47.6,76.59713821288885,0.6739130434782609,"Clay County, IA"
23603,1153.0,1153.0,59483,Sun River,"Great Falls, MT",Cascade County,MT,247,3.1409059918488724,110876.0,97813.0,429400.0,0.0404858299595141,63.6,78.63973026922883,0.7065868263473054,"Cascade County, MT"
23671,1154.0,1154.0,82450,Wapiti,"Cody, WY",Park County,WY,225,6.587684350318026,96489.0,193964.0,9999.0,0.0,53.6,34.15464190981432,1.0,"Park County, WY"
23729,1155.0,1155.0,72368,Moro,Not in CBSA,Lee County,AR,1212,8.179143987164707,76851.0,66719.0,110300.0,0.0775646371976647,49.6,148.1817659527643,0.6145510835913313,"Lee County, AR"
23747,1156.0,1156.0,99587,Girdwood,"Anchorage, AK",Anchorage Municipality,AK,1949,5.680001725371703,81161.0,163704.0,630200.0,0.0856849666495638,49.2,343.1336985857088,0.4469554300062774,"Anchorage Municipality, AK"
23870,1157.0,1157.0,56111,Alpha,Not in CBSA,Jackson County,MN,356,6.64626919323615,78267.0,98125.0,104800.0,0.0730337078651685,53.8,53.5638851887459,0.771689497716895,"Jackson County, MN"
23942,1158.0,1158.0,81430,Placerville,Not in CBSA,San Miguel County,CO,708,3.2522320140550343,87985.0,74148.0,1234800.0,0.0875706214689265,52.1,217.696645546894,0.4785373608903021,"San Miguel County, CO"
24041,1159.0,1159.0,50074,Ellston,Not in CBSA,Ringgold County,IA,215,4.42425835505765,76852.0,121094.0,605800.0,0.0046511627906976,67.6,48.59571542747269,0.1903225806451612,"Ringgold County, IA"
24155,1160.0,1160.0,68377,Jansen,Not in CBSA,Jefferson County,NE,412,7.792870503774128,75441.0,72500.0,97800.0,0.0606796116504854,47.4,52.86883694531639,0.8837209302325582,"Jefferson County, NE"
24595,1161.0,1161.0,87025,Jemez Springs,"Albuquerque, NM",Sandoval County,NM,1299,4.120845307039731,88562.0,153936.0,426200.0,0.0577367205542725,51.2,315.2265865891374,0.5042955326460481,"Sandoval County, NM"
24941,1162.0,1162.0,99755,Denali National Park,Not in CBSA,Denali Borough,AK,987,5.367313713709241,119531.0,63603.0,416700.0,0.0597771023302938,44.2,183.8908721655296,0.0854700854700854,"Denali Borough, AK"
24966,1163.0,1163.0,72466,Smithville,Not in CBSA,Lawrence County,AR,1461,12.105682973371888,75733.0,79808.0,165100.0,0.0651577503429355,32.6,120.68711886918484,0.6172661870503597,"Lawrence County, AR"
25055,1164.0,1164.0,69141,Gurley,Not in CBSA,Cheyenne County,NE,327,3.1545813517890493,106165.0,82500.0,99000.0,0.0368098159509202,59.7,103.65876277514585,0.7757009345794392,"Cheyenne County, NE"
25152,1165.0,1165.0,36482,Whatley,Not in CBSA,Clarke County,AL,566,4.385177121557715,89084.0,69671.0,103800.0,0.0648648648648648,55.1,129.07118328642196,0.3326923076923077,"Clarke County, AL"
26016,1166.0,1166.0,68766,Page,Not in CBSA,Holt County,NE,308,2.8293958881985644,115340.0,86250.0,180500.0,0.0324675324675324,49.3,108.8571596801532,0.6284403669724771,"Holt County, NE"
26426,1167.0,1167.0,58492,Wimbledon,Not in CBSA,Barnes County,ND,362,2.681508630279428,78691.0,117670.0,285000.0,0.0386740331491712,49.5,134.998633199356,0.7586206896551724,"Barnes County, ND"
26520,1168.0,1168.0,67520,Bison,Not in CBSA,Rush County,KS,267,2.4088489356626406,93684.0,66118.0,58800.0,0.0187265917602996,57.1,110.84132178116518,0.7307692307692307,"Rush County, KS"
26589,1169.0,1169.0,59007,Bearcreek,"Billings, MT",Carbon County,MT,96,3.0313893754585917,89523.0,113750.0,212500.0,0.0833333333333333,43.4,31.668646983192986,0.6571428571428571,"Carbon County, MT"
26747,1170.0,1170.0,57460,Mansfield,"Aberdeen, SD",Brown County,SD,257,2.122388807679083,77283.0,139500.0,233900.0,0.0272373540856031,54.9,121.08997138985092,0.8839285714285714,"Brown County, SD"
26944,1171.0,1171.0,67513,Alexander,Not in CBSA,Rush County,KS,97,1.7940609077853276,210158.0,250001.0,182500.0,0.0412371134020618,40.4,54.06728365746586,0.4545454545454545,"Rush County, KS"
27073,1172.0,1172.0,58735,Douglas,"Minot, ND",Ward County,ND,565,2.8473299193144705,77555.0,150000.0,308300.0,0.0247787610619469,39.2,198.4315186545122,0.5033333333333333,"Ward County, ND"
27176,1173.0,1173.0,99546,Adak,Not in CBSA,Aleutians West Census Area,AK,73,2.250638804395866,79171.0,250001.0,139100.0,0.0,56.5,32.43523565728053,0.1280788177339901,"Aleutians West Census Area, AK"
27490,1174.0,1174.0,80463,Mc Coy,"Edwards, CO",Eagle County,CO,100,0.9044908458188476,84907.0,192656.0,1065500.0,0.0,65.9,110.55943845343032,0.3563218390804598,"Eagle County, CO"
27554,1175.0,1175.0,58484,Sutton,Not in CBSA,Griggs County,ND,93,1.6044145383019064,93816.0,170500.0,129200.0,0.053763440860215,52.3,57.965069363202176,0.5471698113207547,"Griggs County, ND"
27559,1176.0,1176.0,58443,Glenfield,Not in CBSA,Foster County,ND,152,1.481670606619207,77057.0,73500.0,120800.0,0.0131578947368421,61.9,102.58690381043942,0.5073529411764706,"Foster County, ND"
27786,1177.0,1177.0,95715,Emigrant Gap,"Sacramento-Roseville-Folsom, CA",Placer County,CA,61,1.8038115636561725,77000.0,163625.0,365200.0,0.0327868852459016,50.7,33.81727960339615,0.2362204724409448,"Placer County, CA"
27794,1178.0,1178.0,58281,Wales,Not in CBSA,Cavalier County,ND,57,0.455376763680275,189402.0,128750.0,79700.0,0.0,70.4,125.17107710840584,0.8125,"Cavalier County, ND"
27902,1179.0,1179.0,82432,Manderson,Not in CBSA,Big Horn County,WY,307,2.2560057692776008,76662.0,44750.0,63000.0,0.019543973941368,45.3,136.0812122826729,0.3101604278074866,"Big Horn County, WY"
28027,1180.0,1180.0,58355,Nekoma,Not in CBSA,Cavalier County,ND,22,0.8735797509257827,83241.0,104375.0,112500.0,0.0454545454545454,67.8,25.183733914030555,0.625,"Cavalier County, ND"
28102,1181.0,1181.0,57640,Lodgepole,Not in CBSA,Perkins County,SD,41,0.1607531752685769,622346.0,250001.0,337500.0,0.0,55.1,255.04939439920616,0.8333333333333334,"Perkins County, SD"
28109,1182.0,1182.0,95043,Paicines,"San Jose-Sunnyvale-Santa Clara, CA",San Benito County,CA,805,1.0522735295567076,86392.0,150441.0,1062500.0,0.0362953692115143,34.6,765.0102158695594,0.4793650793650794,"San Benito County, CA"
28629,1183.0,1183.0,58711,Antler,Not in CBSA,Bottineau County,ND,137,1.122840510950954,87220.0,64167.0,215000.0,0.0364963503649635,38.5,122.0119853744609,0.6477272727272727,"Bottineau County, ND"
28636,1184.0,1184.0,57475,Tolstoy,Not in CBSA,Potter County,SD,99,0.7911914712877339,88794.0,88125.0,85000.0,0.0,51.8,125.12773910323978,0.6142857142857143,"Potter County, SD"
28699,1185.0,1185.0,59219,Dagmar,Not in CBSA,Sheridan County,MT,144,0.6908903369538126,78070.0,108750.0,109800.0,0.0208333333333333,57.8,208.426710141738,0.4945054945054945,"Sheridan County, MT"
28949,1186.0,1186.0,59344,Plevna,Not in CBSA,Fallon County,MT,406,0.9453702884405796,77963.0,110455.0,287500.0,0.0541871921182266,32.0,429.4613496577207,0.6398104265402843,"Fallon County, MT"
29042,1187.0,1187.0,59052,Mc Leod,Not in CBSA,Park County,MT,186,0.2665377676915768,79439.0,60547.0,1107100.0,0.0710382513661202,58.5,697.8373144297855,0.2884012539184953,"Park County, MT"
29185,1188.0,1188.0,99105,Benge,"Othello, WA",Adams County,WA,41,0.271609644334788,77754.0,51250.0,46500.0,0.0,60.8,150.9519299302314,0.7931034482758621,"Adams County, WA"
29369,1189.0,1189.0,67521,Brownell,Not in CBSA,Ness County,KS,136,0.8214800434816122,76307.0,111848.0,77000.0,0.0514705882352941,28.0,165.55484345499403,0.4881889763779528,"Ness County, KS"
29393,1190.0,1190.0,99647,Pedro Bay,Not in CBSA,Lake and Peninsula Borough,AK,14,0.0514075257681501,113107.0,104063.0,441700.0,0.0,64.3,272.3336669253549,0.2452830188679245,"Lake and Peninsula Borough, AK"
29509,,,06022,Collinsville,"Hartford-West Hartford-East Hartford, CT",Hartford County,CT,100,59.781213761827026,141576.0,250001.0,,0.0,39.9,1.6727663041170042,1.0,"Hartford County, CT"
29547,,,12115,Malden Bridge,"Hudson, NY",Columbia County,NY,60,16.724823500770917,79217.0,91875.0,,0.0,75.9,3.587481804949054,1.0,"Columbia County, NY"
29611,,,14881,Slaterville Springs,"Ithaca, NY",Tompkins County,NY,117,76.2896328476437,76162.0,89063.0,,0.0,62.1,1.5336290873709937,0.3970588235294117,"Tompkins County, NY"
29681,,,18950,Point Pleasant,"Philadelphia-Camden-Wilmington, PA-NJ-DE-MD",Bucks County,PA,262,494.9153014591226,115970.0,225795.0,,0.0,67.7,0.5293835111332477,0.7637795275590551,"Bucks County, PA"
29697,,,20701,Annapolis Junction,"Baltimore-Columbia-Towson, MD",Howard County,MD,513,233.06904635981152,79429.0,85594.0,,0.037037037037037,30.4,2.2010644828744512,0.0,"Howard County, MD"
30387,,,49060,Hickory Corners,"Grand Rapids-Wyoming-Kentwood, MI",Barry County,MI,2660,134.72621885517276,129447.0,134861.0,,0.0060309084055785,51.6,19.74374418434048,0.7031375703942075,"Barry County, MI"
30389,,,49116,Lakeside,"Niles, MI",Berrien County,MI,86,55.56369781154419,88095.0,127857.0,,0.0465116279069767,66.4,1.5477731574253182,0.106267029972752,"Berrien County, MI"
30416,,,52077,Volga,Not in CBSA,Clayton County,IA,313,10.321976051502132,84116.0,77188.0,,0.047923322683706,60.9,30.323651056567787,0.7692307692307693,"Clayton County, IA"
30438,,,56541,Flom,Not in CBSA,Norman County,MN,31,7.739638108586703,77797.0,89375.0,,0.0,74.3,4.005355233031787,0.5,"Norman County, MN"
30465,,,57457,Long Lake,Not in CBSA,McPherson County,SD,108,0.7309251779955489,88336.0,140417.0,,0.0092592592592592,63.1,147.7579419225557,0.4476190476190476,"McPherson County, SD"
30493,,,57767,Owanka,"Rapid City, SD",Pennington County,SD,234,1.614597576411107,96547.0,250001.0,,0.0,51.3,144.9277537751111,0.7232142857142857,"Pennington County, SD"
30524,,,58386,York,Not in CBSA,Benson County,ND,64,0.5356128262240775,79520.0,85000.0,,0.0,60.6,119.48929686987208,0.7435897435897436,"Benson County, ND"
30752,,,67065,Isabel,Not in CBSA,Barber County,KS,151,2.016512157724498,95952.0,77750.0,,0.0794701986754966,66.3,74.88177019988494,0.7099236641221374,"Barber County, KS"
30801,,,68621,Ames,"Fremont, NE",Dodge County,NE,204,6.366392892400242,75314.0,93235.0,,0.0784313725490196,57.6,32.04326271530006,0.8545454545454545,"Dodge County, NE"
31025,,,76481,South Bend,Not in CBSA,Young County,TX,96,2.4173427981976765,84702.0,82244.0,,0.0,68.1,39.713027077324625,0.6583333333333333,"Young County, TX"
31066,,,77415,Cedar Lane,"Bay City, TX",Matagorda County,TX,63,12.226944567148978,77443.0,71310.0,,0.0,33.9,5.15255464306812,0.3972602739726027,"Matagorda County, TX"
31226,,,80025,Eldorado Springs,"Boulder, CO",Boulder County,CO,138,34.06560270101185,88944.0,134102.0,,0.0869565217391304,40.9,4.05100714674574,1.0,"Boulder County, CO"
31249,,,81128,Chromo,Not in CBSA,Archuleta County,CO,34,0.2342965945808345,136576.0,250001.0,,0.0,65.7,145.11521202784567,0.1506849315068493,"Archuleta County, CO"
31268,,,81656,Woody Creek,"Rifle, CO",Pitkin County,CO,459,7.748769013460329,169739.0,250001.0,,0.0457516339869281,52.5,59.23521519388106,0.764,"Pitkin County, CO"
31304,,,82925,Cora,Not in CBSA,Sublette County,WY,418,0.5928570563339153,131003.0,250001.0,,0.0311004784688995,61.0,705.0603438623315,0.6428571428571429,"Sublette County, WY"
31312,,,83011,Kelly,"Jackson, WY-ID",Teton County,WY,234,0.7037858869524103,455891.0,250001.0,,0.0,67.3,332.4874856659678,0.2134387351778656,"Teton County, WY"
31612,,,94129,San Francisco,"San Francisco-Oakland-Fremont, CA",San Francisco County,CA,3836,1626.3835872661086,100874.0,220972.0,,0.004177545691906,31.7,2.358607176089483,0.0,"San Francisco County, CA"
31616,,,94573,Rutherford,"Napa, CA",Napa County,CA,84,54.67399911590425,264677.0,250001.0,,0.0,75.2,1.5363792910397338,0.3981481481481481,"Napa County, CA"
31622,,,95134,San Jose,"San Jose-Sunnyvale-Santa Clara, CA",Santa Clara County,CA,30471,2819.285302061822,104937.0,203649.0,,0.0562771989977581,31.3,10.808058332271552,0.1317787418655097,"Santa Clara County, CA"
31788,,,99579,Egegik,Not in CBSA,Lake and Peninsula Borough,AK,54,1.8273632833400035,78594.0,24250.0,,0.037037037037037,42.2,29.55077432731401,0.0237154150197628,"Lake and Peninsula Borough, AK"
31798,,,99653,Port Alsworth,Not in CBSA,Lake and Peninsula Borough,AK,199,8.821659572792186,123787.0,67750.0,,0.0150753768844221,33.4,22.55811373789088,0.1304347826086956,"Lake and Peninsula Borough, AK"
31817,,,99726,Bettles Field,Not in CBSA,Yukon-Koyukuk Census Area,AK,33,0.1113923374832337,82218.0,129167.0,,0.0,37.3,296.25017973042367,0.225,"Yukon-Koyukuk Census Area, AK"
